time,state,north,east,down,tgt_n,tgt_e,tgt_d,obstacle,obstacle_source,sensor_fresh,lidar_front_m,lidar_left_m,lidar_right_m,mapped_clearance_m,nominal_n,nominal_e,nominal_d,wp_index,geocage,geofence,inside,caged,roll_deg,pitch_deg,yaw_deg,vn,ve,vd,executive_mode,battery_frac,link_quality,propellant_s,in_gps_denied_zone,gps_xy_valid,gps_injected_deny,loc_source,loc_event,dead_reckoning,eph_m,raw_gps_healthy,vio_stream_healthy,ev_pos_fused,ev_vel_fused,gnss_pos_fused,gnss_vel_fused,gps_failure_active,ctrl_mode,pos_source,vel_cmd_n,vel_cmd_e,vel_cmd_d,vo_healthy,vo_n,vo_e,vo_d,vo_err_m,vo_err_down_m,vo_path_m,vo_drift_frac,vo_inliers
21:41:20,MOVE,0.021,-0.003,-7.956,14.0,-2.0,-8.0,,sensor_only,1,28.308,18.403,9.559,9.597,14.0,-2.0,-8.0,0,1,1,1,0,0.02,-0.06,-103.95,-0.018,-0.002,-0.014,NOMINAL,0.9885,1.0,177.84,0,1,0,GPS,,0,0.151,1,0,0,0,1,1,0,velocity_pid,px4,2.647,-1.412,-0.041,1,-0.367,0.135,-6.759,0.412,1.196,8.38,0.0492,24
21:41:20,MOVE,0.02,-0.004,-7.956,14.0,-2.0,-8.0,,sensor_only,1,28.308,18.403,9.568,9.598,14.0,-2.0,-8.0,0,1,1,1,0,3.14,-2.58,-103.97,-0.026,0.005,0.03,NOMINAL,0.9883,1.0,177.79,0,1,0,GPS,,0,0.9,1,0,0,0,1,1,0,velocity_pid,px4,2.645,-1.416,-0.05,1,-0.369,0.138,-6.764,0.415,1.193,8.38,0.0495,24
21:41:20,MOVE,0.022,-0.009,-7.95,14.0,-2.0,-8.0,,sensor_only,1,28.172,18.403,9.603,9.594,14.0,-2.0,-8.0,0,1,1,1,0,15.29,-9.86,-103.96,0.073,-0.126,0.121,NOMINAL,0.988,1.0,177.73,0,1,0,GPS,,0,0.152,1,0,0,0,1,1,0,velocity_pid,px4,2.657,-1.393,-0.074,1,-0.371,0.139,-6.764,0.417,1.19,8.39,0.0497,24
21:41:20,MOVE,0.044,-0.035,-7.925,14.0,-2.0,-8.0,,sensor_only,1,26.929,18.403,9.926,9.562,14.0,-2.0,-8.0,0,1,1,1,0,23.51,-11.08,-101.28,0.329,-0.358,0.34,NOMINAL,0.9878,1.0,177.68,0,1,0,GPS,,0,0.152,1,0,0,0,1,1,0,velocity_pid,px4,2.684,-1.34,-0.143,1,-0.358,0.124,-6.751,0.417,1.187,8.41,0.0495,24
21:41:20,MOVE,0.104,-0.09,-7.875,14.0,-2.0,-8.0,,sensor_only,1,23.505,18.403,10.312,9.484,14.0,-2.0,-8.0,0,1,1,1,0,23.2,-8.5,-95.2,0.69,-0.565,0.519,NOMINAL,0.9876,1.0,177.63,0,1,0,GPS,,0,0.152,1,0,0,0,1,1,0,velocity_pid,px4,2.716,-1.274,-0.23,1,-0.325,0.093,-6.722,0.42,1.183,8.47,0.0495,24
21:41:20,MOVE,0.202,-0.159,-7.816,14.0,-2.0,-8.0,,sensor_only,1,23.966,18.403,10.293,9.365,14.0,-2.0,-8.0,0,1,1,1,0,19.47,-7.27,-87.81,1.044,-0.688,0.566,NOMINAL,0.9873,1.0,177.57,0,1,0,GPS,,0,0.152,1,0,0,0,1,1,0,velocity_pid,px4,2.744,-1.212,-0.298,0,-0.256,0.04,-6.673,0.435,1.173,8.59,0.0506,24
21:41:20,MOVE,0.327,-0.23,-7.76,14.0,-2.0,-8.0,,sensor_only,1,26.087,18.403,6.343,9.222,14.0,-2.0,-8.0,0,1,1,1,0,16.36,-8.18,-80.22,1.334,-0.754,0.601,NOMINAL,0.9871,1.0,177.52,0,1,0,GPS,,0,0.152,1,0,0,0,1,1,0,velocity_pid,px4,2.768,-1.157,-0.362,0,-0.152,-0.026,-6.62,0.451,1.166,8.75,0.0516,24
21:41:20,MOVE,0.509,-0.318,-7.689,14.0,-2.0,-8.0,,sensor_only,1,20.422,18.403,8.415,9.019,14.0,-2.0,-8.0,0,1,1,1,0,13.12,-10.09,-70.14,1.639,-0.811,0.658,NOMINAL,0.9868,1.0,177.46,0,1,0,GPS,,0,0.152,1,0,0,0,1,1,0,velocity_pid,px4,2.794,-1.093,-0.446,0,-0.03,-0.095,-6.567,0.486,1.155,8.93,0.0544,24
21:41:21,MOVE,0.672,-0.388,-7.631,14.0,-2.0,-8.0,,sensor_only,1,13.705,18.403,8.992,8.843,14.0,-2.0,-8.0,0,1,1,1,0,10.32,-11.25,-61.24,1.849,-0.855,0.707,NOMINAL,0.9866,1.0,177.41,0,1,0,GPS,,0,0.151,1,0,0,0,1,1,0,velocity_pid,px4,2.814,-1.04,-0.515,0,0.125,-0.179,-6.505,0.512,1.15,9.14,0.056,24
21:41:21,MOVE,0.887,-0.477,-7.556,14.0,-2.0,-8.0,,sensor_only,1,10.904,18.403,9.229,8.611,14.0,-2.0,-8.0,0,1,1,1,0,6.95,-11.8,-49.53,2.073,-0.915,0.761,NOMINAL,0.9863,1.0,177.35,0,1,0,GPS,,0,0.151,1,0,0,0,1,1,0,velocity_pid,px4,2.839,-0.971,-0.602,1,0.3,0.018,-6.476,0.656,1.118,9.34,0.0702,37
21:41:21,MOVE,1.08,-0.557,-7.491,14.0,-2.0,-8.0,,sensor_only,1,9.62,18.403,12.041,8.402,14.0,-2.0,-8.0,0,1,1,1,0,4.75,-11.43,-40.03,2.258,-0.973,0.715,NOMINAL,0.9861,1.0,177.3,0,1,0,GPS,,0,0.9,1,0,0,0,1,1,0,velocity_pid,px4,2.86,-0.906,-0.659,1,0.456,0.088,-6.3,0.801,1.223,9.57,0.0837,38
21:41:21,MOVE,1.328,-0.661,-7.428,14.0,-2.0,-8.0,,sensor_only,1,8.958,22.053,13.689,8.135,14.0,-2.0,-8.0,0,1,1,1,0,3.18,-9.97,-29.62,2.476,-1.034,0.53,NOMINAL,0.9858,1.0,177.24,0,1,0,GPS,,0,0.152,1,0,0,0,1,1,0,velocity_pid,px4,2.885,-0.822,-0.687,1,0.651,0.086,-6.284,0.886,1.173,9.82,0.0902,45
21:41:21,MOVE,1.568,-0.76,-7.385,14.0,-2.0,-8.0,,sensor_only,1,8.519,22.053,14.127,7.876,14.0,-2.0,-8.0,0,1,1,1,0,2.32,-7.89,-20.64,2.625,-1.057,0.438,NOMINAL,0.9856,1.0,177.19,0,1,0,GPS,,0,0.151,1,0,0,0,1,1,0,velocity_pid,px4,2.905,-0.748,-0.713,1,0.877,0.079,-6.257,0.983,1.146,10.1,0.0973,43
21:41:21,MOVE,1.816,-0.861,-7.35,14.0,-2.0,-8.0,,sensor_only,1,8.203,22.053,14.296,7.61,14.0,-2.0,-8.0,0,1,1,1,0,2.13,-6.17,-12.59,2.726,-1.056,0.414,NOMINAL,0.9853,1.0,177.13,0,1,0,GPS,,0,0.9,1,0,0,0,1,1,0,velocity_pid,px4,2.923,-0.676,-0.745,1,1.09,0.066,-6.231,1.053,1.138,10.35,0.1018,43
21:41:21,MOVE,2.068,-0.96,-7.317,14.0,-2.0,-8.0,,sensor_only,1,7.939,22.053,14.542,7.342,14.0,-2.0,-8.0,0,1,1,1,0,2.4,-5.38,-6.18,2.801,-1.034,0.4,NOMINAL,0.9851,1.0,177.08,0,1,0,GPS,,0,0.152,1,0,0,0,1,1,0,velocity_pid,px4,2.937,-0.609,-0.778,1,1.305,0.054,-6.207,1.146,1.128,10.62,0.108,43
21:41:21,MOVE,2.298,-1.046,-7.288,14.0,-2.0,-8.0,,sensor_only,1,7.649,13.663,14.998,7.099,14.0,-2.0,-8.0,0,1,1,1,0,2.73,-5.14,-1.38,2.856,-0.997,0.394,NOMINAL,0.9848,1.0,177.02,0,1,0,GPS,,0,0.153,1,0,0,0,1,1,0,velocity_pid,px4,2.948,-0.555,-0.808,1,1.617,0.042,-6.175,1.227,1.122,10.94,0.1121,43
21:41:21,MOVE,2.598,-1.15,-7.251,14.0,-2.0,-8.0,,sensor_only,1,7.377,9.953,15.562,6.786,14.0,-2.0,-8.0,0,1,1,1,0,2.94,-5.05,3.26,2.914,-0.932,0.395,NOMINAL,0.9845,1.0,176.96,0,1,0,GPS,,0,0.153,1,0,0,0,1,1,0,velocity_pid,px4,2.959,-0.493,-0.848,1,1.87,0.038,-6.149,1.285,1.119,11.19,0.1148,43
21:41:21,MOVE,2.853,-1.23,-7.218,14.0,-2.0,-8.0,,sensor_only,1,7.091,8.147,15.562,6.526,14.0,-2.0,-8.0,0,1,1,1,0,2.83,-4.95,6.19,2.954,-0.869,0.398,NOMINAL,0.9843,1.0,176.91,0,1,0,GPS,,0,0.152,1,0,0,0,1,1,0,velocity_pid,px4,2.966,-0.448,-0.883,0,2.157,0.041,-6.12,1.348,1.116,11.46,0.1177,43
21:41:22,MOVE,3.085,-1.296,-7.189,14.0,-2.0,-8.0,,sensor_only,1,6.905,7.322,15.562,6.292,14.0,-2.0,-8.0,0,1,1,1,0,2.66,-4.81,7.7,2.985,-0.81,0.4,NOMINAL,0.984,1.0,176.85,0,1,0,GPS,,0,0.151,1,0,0,0,1,1,0,velocity_pid,px4,2.972,-0.412,-0.915,0,2.411,0.049,-6.094,1.412,1.112,11.7,0.1207,43
21:41:22,MOVE,3.317,-1.357,-7.158,14.0,-2.0,-8.0,,sensor_only,1,6.878,6.798,15.562,6.061,14.0,-2.0,-8.0,0,1,1,1,0,2.48,-4.61,8.26,3.011,-0.752,0.4,NOMINAL,0.9838,1.0,176.8,0,1,0,GPS,,0,0.152,1,0,0,0,1,1,0,velocity_pid,px4,2.976,-0.381,-0.949,0,2.745,0.069,-6.06,1.482,1.11,11.99,0.1236,43
21:41:22,MOVE,3.622,-1.427,-7.118,14.0,-2.0,-8.0,,sensor_only,1,6.805,6.444,15.562,5.766,14.0,-2.0,-8.0,0,1,1,1,0,2.25,-4.33,7.72,3.043,-0.679,0.368,NOMINAL,0.9835,1.0,176.74,0,1,0,GPS,,0,0.152,1,0,0,0,1,1,0,velocity_pid,px4,2.98,-0.344,-0.984,1,2.903,-0.241,-5.993,1.276,1.146,12.23,0.1043,74
21:41:22,MOVE,3.81,-1.466,-7.097,14.0,-2.0,-8.0,,sensor_only,1,6.658,6.202,15.562,5.586,14.0,-2.0,-8.0,0,1,1,1,0,2.05,-4.1,6.73,3.062,-0.637,0.312,NOMINAL,0.9833,1.0,176.69,0,1,0,GPS,,0,0.9,1,0,0,0,1,1,0,velocity_pid,px4,2.982,-0.325,-0.997,1,3.15,-0.276,-5.962,1.286,1.148,12.48,0.1031,74
21:41:22,MOVE,4.048,-1.511,-7.077,14.0,-2.0,-8.0,,sensor_only,1,6.364,5.944,15.562,5.363,14.0,-2.0,-8.0,0,1,1,1,0,1.86,-3.81,5.1,3.085,-0.588,0.199,NOMINAL,0.983,1.0,176.63,0,1,0,GPS,,0,0.153,1,0,0,0,1,1,0,velocity_pid,px4,2.985,-0.303,-0.997,1,3.479,-0.395,-5.916,1.209,1.166,12.77,0.0947,42
21:41:22,MOVE,4.359,-1.563,-7.07,14.0,-2.0,-8.0,,sensor_only,1,5.934,5.666,14.902,5.076,14.0,-2.0,-8.0,0,1,1,1,0,1.64,-3.4,2.67,3.114,-0.531,-0.023,NOMINAL,0.9828,1.0,176.58,0,1,0,GPS,,0,0.151,1,0,0,0,1,1,0,velocity_pid,px4,2.987,-0.276,-0.963,1,3.791,-0.459,-5.899,1.174,1.171,13.03,0.0901,42
21:41:22,MOVE,4.624,-1.604,-7.088,14.0,-2.0,-8.0,,sensor_only,1,5.557,5.448,14.279,4.838,14.0,-2.0,-8.0,0,1,1,1,0,1.45,-3.02,0.46,3.135,-0.491,-0.264,NOMINAL,0.9826,1.0,176.53,0,1,0,GPS,,0,0.153,1,0,0,0,1,1,0,velocity_pid,px4,2.989,-0.255,-0.9,1,4.05,-0.563,-5.864,1.107,1.211,13.28,0.0833,72
21:41:22,MOVE,4.867,-1.639,-7.124,14.0,-2.0,-8.0,,sensor_only,1,5.275,5.274,13.648,4.624,14.0,-2.0,-8.0,0,1,1,1,0,1.33,-2.61,-1.53,3.148,-0.461,-0.464,NOMINAL,0.9823,1.0,176.47,0,1,0,GPS,,0,0.152,1,0,0,0,1,1,0,velocity_pid,px4,2.991,-0.235,-0.826,1,4.326,-0.637,-5.873,1.057,1.227,13.52,0.0782,43
21:41:22,MOVE,5.11,-1.673,-7.178,14.0,-2.0,-8.0,,sensor_only,1,4.984,5.079,12.965,4.414,14.0,-2.0,-8.0,0,1,1,1,0,1.28,-2.29,-3.18,3.153,-0.437,-0.637,NOMINAL,0.982,1.0,176.41,0,1,0,GPS,,0,0.9,1,0,0,0,1,1,0,velocity_pid,px4,2.992,-0.215,-0.74,1,4.645,-0.716,-5.913,1.012,1.241,13.82,0.0732,43
21:41:22,MOVE,5.427,-1.715,-7.265,14.0,-2.0,-8.0,,sensor_only,1,4.711,4.845,12.331,4.147,14.0,-2.0,-8.0,0,1,1,1,0,1.28,-1.99,-4.78,3.152,-0.412,-0.742,NOMINAL,0.9818,1.0,176.36,0,1,0,GPS,,0,0.153,1,0,0,0,1,1,0,velocity_pid,px4,2.994,-0.188,-0.634,1,4.901,-0.817,-5.952,0.944,1.264,14.08,0.0671,37
21:41:23,MOVE,5.669,-1.747,-7.336,14.0,-2.0,-8.0,,sensor_only,1,4.503,4.634,11.873,3.949,14.0,-2.0,-8.0,0,1,1,1,0,1.34,-1.79,-5.65,3.145,-0.394,-0.729,NOMINAL,0.9816,1.0,176.31,0,1,0,GPS,,0,0.152,1,0,0,0,1,1,0,velocity_pid,px4,2.995,-0.168,-0.568,1,5.166,-0.895,-6.006,0.894,1.28,14.33,0.0624,37
21:41:23,MOVE,5.911,-1.777,-7.401,14.0,-2.0,-8.0,,sensor_only,1,4.29,4.389,11.478,3.758,14.0,-2.0,-8.0,0,1,1,1,0,1.45,-1.71,-6.17,3.135,-0.377,-0.677,NOMINAL,0.9813,1.0,176.25,0,1,0,GPS,,0,0.152,1,0,0,0,1,1,0,velocity_pid,px4,2.996,-0.149,-0.515,1,5.468,-0.982,-6.066,0.844,1.303,14.63,0.0576,37
21:41:23,MOVE,6.175,-1.809,-7.465,14.0,-2.0,-8.0,,sensor_only,1,4.09,4.088,11.067,3.557,14.0,-2.0,-8.0,0,1,1,1,0,1.56,-1.75,-6.34,3.123,-0.357,-0.611,NOMINAL,0.981,1.0,176.19,0,1,0,GPS,,0,0.152,1,0,0,0,1,1,0,velocity_pid,px4,2.997,-0.129,-0.466,1,5.765,-1.065,-6.118,0.785,1.319,14.91,0.0526,37
21:41:23,MOVE,6.437,-1.839,-7.521,14.0,-2.0,-8.0,,sensor_only,1,3.966,3.829,10.703,3.367,14.0,-2.0,-8.0,0,1,1,1,0,1.65,-1.89,-6.13,3.113,-0.336,-0.547,NOMINAL,0.9808,1.0,176.14,0,1,0,GPS,,0,0.153,1,0,0,0,1,1,0,velocity_pid,px4,2.998,-0.11,-0.424,1,6.051,-1.111,-6.248,0.752,1.244,15.16,0.0496,21
21:41:23,MOVE,6.676,-1.865,-7.565,14.0,-2.0,-8.0,,sensor_only,1,3.914,3.661,10.472,3.205,14.0,-2.0,-8.0,0,1,1,1,0,1.69,-2.02,-5.68,3.107,-0.315,-0.495,NOMINAL,0.9805,1.0,176.08,0,1,0,GPS,,0,0.152,1,0,0,0,1,1,0,velocity_pid,px4,2.998,-0.095,-0.391,1,6.355,-1.152,-6.306,0.72,1.233,15.4,0.0467,54
21:41:23,MOVE,6.915,-1.889,-7.605,14.0,-2.0,-8.0,,sensor_only,1,3.887,3.464,10.196,3.055,14.0,-2.0,-8.0,0,1,1,1,0,1.69,-2.13,-5.05,3.102,-0.294,-0.449,NOMINAL,0.9803,1.0,176.03,0,1,0,GPS,,0,0.153,1,0,0,0,1,1,0,velocity_pid,px4,2.999,-0.081,-0.362,1,6.71,-1.216,-6.37,0.672,1.219,15.69,0.0428,54
21:41:23,MOVE,7.226,-1.918,-7.65,14.0,-2.0,-8.0,,sensor_only,1,3.894,3.256,9.919,2.879,14.0,-2.0,-8.0,0,1,1,1,0,1.65,-2.24,-4.1,3.099,-0.267,-0.398,NOMINAL,0.98,1.0,175.97,0,1,0,GPS,,0,0.153,1,0,0,0,1,1,0,velocity_pid,px4,2.999,-0.064,-0.329,1,6.955,-1.259,-6.41,0.652,1.216,15.94,0.0409,54
21:41:23,MOVE,7.417,-1.935,-7.674,14.0,-2.0,-8.0,,sensor_only,1,3.91,3.106,4.095,2.784,14.0,-2.0,-8.0,0,1,1,1,0,1.6,-2.29,-3.4,3.099,-0.25,-0.372,NOMINAL,0.9798,1.0,175.92,0,1,0,GPS,,0,0.153,1,0,0,0,1,1,0,velocity_pid,px4,2.999,-0.055,-0.31,1,7.183,-1.245,-6.442,0.689,1.217,16.18,0.0426,43
21:41:23,MOVE,7.705,-1.958,-7.707,14.0,-2.0,-8.0,,sensor_only,1,2.892,2.956,1.986,2.663,14.0,-2.0,-8.0,0,1,1,1,0,1.53,-2.34,-2.45,3.098,-0.226,-0.335,NOMINAL,0.9795,1.0,175.86,0,1,0,GPS,,0,0.9,1,0,0,0,1,1,0,velocity_pid,px4,3.0,-0.043,-0.286,1,7.441,-1.252,-6.495,0.712,1.198,16.47,0.0432,76
21:41:23,MOVE,7.97,-1.978,-7.734,14.0,-2.0,-8.0,,sensor_only,1,1.872,2.805,1.213,2.577,14.0,-2.0,-8.0,0,1,1,1,0,1.44,-2.37,-1.59,3.099,-0.204,-0.308,NOMINAL,0.9793,1.0,175.81,0,1,0,GPS,,0,0.152,1,0,0,0,1,1,0,velocity_pid,px4,3.0,-0.033,-0.265,1,7.696,-1.263,-6.536,0.723,1.186,16.74,0.0432,76
21:41:24,MOVE,8.236,-1.995,-7.759,14.0,-2.0,-8.0,,sensor_only,1,1.482,2.693,0.909,2.519,14.0,-2.0,-8.0,0,1,1,1,0,1.35,-2.38,-0.79,3.1,-0.183,-0.283,NOMINAL,0.979,1.0,175.75,0,1,0,GPS,,0,0.151,1,0,0,0,1,1,0,velocity_pid,px4,3.0,-0.025,-0.246,1,7.927,-1.266,-6.558,0.738,1.188,16.98,0.0435,58
21:41:24,MOVE,8.478,-2.008,-7.779,14.0,-2.0,-8.0,,sensor_only,1,1.3,2.61,0.804,2.492,14.0,-2.0,-8.0,0,1,1,1,0,1.26,-2.38,-0.21,3.101,-0.164,-0.263,NOMINAL,0.9788,1.0,175.7,0,1,0,GPS,,0,0.9,1,0,0,0,1,1,0,velocity_pid,px4,3.0,-0.018,-0.23,1,8.184,-1.267,-6.57,0.754,1.199,17.25,0.0437,42
21:41:24,MOVE,8.722,-2.021,-7.798,14.0,-2.0,-8.0,,sensor_only,1,1.199,2.538,0.759,2.479,14.0,-2.0,-8.0,0,1,1,1,0,1.18,-2.38,0.26,3.104,-0.146,-0.244,NOMINAL,0.9785,1.0,175.64,0,1,0,GPS,,0,0.153,1,0,0,0,1,1,0,velocity_pid,px4,3.0,-0.013,-0.216,1,8.438,-1.275,-6.604,0.765,1.187,17.52,0.0436,43
21:41:24,MOVE,9.016,-2.033,-7.818,14.0,-2.0,-8.0,,sensor_only,1,1.123,2.492,0.914,2.467,14.0,-2.0,-8.0,0,1,1,1,0,1.06,-2.34,0.69,3.106,-0.126,-0.224,NOMINAL,0.9783,1.0,175.59,0,1,0,GPS,,0,0.152,1,0,0,0,1,1,0,velocity_pid,px4,3.0,-0.008,-0.2,1,8.702,-1.278,-6.63,0.782,1.182,17.81,0.0439,43
21:41:24,MOVE,9.31,-2.043,-7.836,14.0,-2.0,-8.0,,sensor_only,1,1.237,2.468,5.374,2.457,14.0,-2.0,-8.0,0,1,1,1,0,0.96,-2.31,0.92,3.109,-0.107,-0.207,NOMINAL,0.978,1.0,175.53,0,1,0,GPS,,0,0.152,1,0,0,0,1,1,0,velocity_pid,px4,2.984,-0.005,-0.186,1,8.932,-1.279,-6.651,0.786,1.175,18.03,0.0436,43
21:41:24,MOVE,9.556,-2.05,-7.851,14.0,-2.0,-8.0,,sensor_only,1,1.581,2.455,6.759,2.45,14.0,-2.0,-8.0,0,1,1,1,0,0.86,-2.26,1.04,3.11,-0.093,-0.193,NOMINAL,0.9778,1.0,175.48,0,1,0,GPS,,0,0.151,1,0,0,0,1,1,0,velocity_pid,px4,2.796,-0.003,-0.175,1,9.225,-1.283,-6.676,0.792,1.167,18.33,0.0432,40
21:41:24,MOVE,9.828,-2.056,-7.865,14.0,-2.0,-8.0,,sensor_only,1,1.979,2.444,7.069,2.444,14.0,-2.0,-8.0,0,1,1,1,0,0.76,-1.77,1.09,3.112,-0.079,-0.178,NOMINAL,0.9775,1.0,175.42,0,1,0,GPS,,0,0.152,1,0,0,0,1,1,0,velocity_pid,px4,2.587,-0.001,-0.164,1,9.499,-1.289,-6.696,0.791,1.162,18.6,0.0425,41
21:41:24,MOVE,10.149,-2.062,-7.881,14.0,-2.0,-8.0,,sensor_only,1,2.954,2.435,6.944,2.438,14.0,-2.0,-8.0,0,1,1,1,0,0.69,-0.17,1.08,3.096,-0.065,-0.165,NOMINAL,0.9773,1.0,175.37,0,1,0,GPS,,0,0.151,1,0,0,0,1,1,0,velocity_pid,px4,2.341,0.0,-0.151,1,9.767,-1.293,-6.722,0.794,1.151,18.87,0.0421,45
21:41:24,MOVE,10.394,-2.066,-7.893,14.0,-2.0,-8.0,,sensor_only,1,3.431,2.426,6.673,2.434,14.0,-2.0,-8.0,0,1,1,1,0,0.64,1.35,1.03,3.06,-0.055,-0.157,NOMINAL,0.977,1.0,175.31,0,1,0,GPS,,0,0.152,1,0,0,0,1,1,0,velocity_pid,px4,2.161,0.001,-0.141,1,10.045,-1.296,-6.746,0.794,1.14,19.14,0.0415,45
21:41:24,MOVE,10.61,-2.069,-7.902,14.0,-2.0,-8.0,,sensor_only,1,4.14,2.419,6.378,2.431,14.0,-2.0,-8.0,0,1,1,1,0,0.6,2.91,0.97,3.009,-0.048,-0.15,NOMINAL,0.9768,1.0,175.26,0,1,0,GPS,,0,0.152,1,0,0,0,1,1,0,velocity_pid,px4,2.008,0.002,-0.133,1,10.316,-1.297,-6.781,0.803,1.118,19.43,0.0413,62
21:41:25,MOVE,10.89,-2.072,-7.914,14.0,-2.0,-8.0,,sensor_only,1,4.676,2.417,6.112,2.428,14.0,-2.0,-8.0,0,1,1,1,0,0.56,4.54,0.91,2.912,-0.039,-0.141,NOMINAL,0.9765,1.0,175.2,0,1,0,GPS,,0,0.152,1,0,0,0,1,1,0,velocity_pid,px4,1.814,0.002,-0.123,1,10.562,-1.296,-6.813,0.804,1.096,19.67,0.0409,32
21:41:25,MOVE,11.114,-2.073,-7.925,14.0,-2.0,-8.0,,sensor_only,1,4.681,2.407,5.785,2.427,14.0,-2.0,-8.0,0,1,1,1,0,0.52,5.48,0.87,2.813,-0.032,-0.132,NOMINAL,0.9763,1.0,175.15,0,1,0,GPS,,0,0.152,1,0,0,0,1,1,0,velocity_pid,px4,1.666,0.002,-0.115,1,10.808,-1.294,-6.841,0.803,1.079,19.9,0.0404,33
21:41:25,MOVE,11.287,-2.074,-7.932,14.0,-2.0,-8.0,,sensor_only,1,4.567,2.405,5.532,2.426,14.0,-2.0,-8.0,0,1,1,1,0,0.47,6.1,0.85,2.726,-0.027,-0.125,NOMINAL,0.976,1.0,175.09,0,1,0,GPS,,0,0.152,1,0,0,0,1,1,0,velocity_pid,px4,1.555,0.001,-0.109,1,11.08,-1.293,-6.87,0.798,1.061,20.14,0.0396,32
21:41:25,MOVE,11.553,-2.074,-7.944,14.0,-2.0,-8.0,,sensor_only,1,4.381,2.402,5.266,2.427,14.0,-2.0,-8.0,0,1,1,1,0,0.41,6.81,0.87,2.573,-0.02,-0.113,NOMINAL,0.9758,1.0,175.04,0,1,0,GPS,,0,0.151,1,0,0,0,1,1,0,velocity_pid,px4,1.385,-0.001,-0.099,1,11.272,-1.291,-6.891,0.799,1.048,20.33,0.0393,32
21:41:25,MOVE,11.746,-2.073,-7.953,14.0,-2.0,-8.0,,sensor_only,1,4.153,2.404,4.984,2.439,14.0,-2.0,-8.0,0,1,1,1,0,0.36,7.1,0.91,2.449,-0.015,-0.105,NOMINAL,0.9756,1.0,174.99,0,1,0,GPS,,0,0.152,1,0,0,0,1,1,0,velocity_pid,px4,1.266,-0.002,-0.092,1,11.49,-1.289,-6.914,0.798,1.033,20.53,0.0389,32
21:41:25,MOVE,11.98,-2.071,-7.963,14.0,-2.0,-8.0,,sensor_only,1,3.941,3.317,4.729,2.476,14.0,-2.0,-8.0,0,1,1,1,0,0.32,7.47,1.01,2.283,-0.009,-0.094,NOMINAL,0.9753,1.0,174.93,0,1,0,GPS,,0,0.152,1,0,0,0,1,1,0,velocity_pid,px4,1.124,-0.005,-0.084,1,11.75,-1.285,-6.943,0.795,1.015,20.75,0.0383,32
21:41:25,MOVE,12.149,-2.069,-7.97,14.0,-2.0,-8.0,,sensor_only,1,3.756,4.13,4.502,2.516,14.0,-2.0,-8.0,0,1,1,1,0,0.28,7.58,1.11,2.152,-0.005,-0.086,NOMINAL,0.9751,1.0,174.88,0,1,0,GPS,,0,0.151,1,0,0,0,1,1,0,velocity_pid,px4,1.026,-0.008,-0.079,1,11.981,-1.277,-6.963,0.795,1.002,20.93,0.038,19
21:41:25,MOVE,12.321,-2.065,-7.977,14.0,-2.0,-8.0,,sensor_only,1,3.55,4.239,4.256,2.569,14.0,-2.0,-8.0,0,1,1,1,0,0.25,7.61,1.25,2.008,-0.001,-0.078,NOMINAL,0.9748,1.0,174.82,0,1,0,GPS,,0,0.9,1,0,0,0,1,1,0,velocity_pid,px4,0.927,-0.011,-0.074,1,12.227,-1.27,-6.989,0.797,0.985,21.14,0.0377,19
21:41:25,MOVE,12.481,-2.062,-7.984,14.0,-2.0,-8.0,,sensor_only,1,3.334,4.095,4.009,2.628,14.0,-2.0,-8.0,0,1,1,1,0,0.21,7.48,1.41,1.866,0.002,-0.071,NOMINAL,0.9745,1.0,174.76,0,1,0,GPS,,0,0.151,1,0,0,0,1,1,0,velocity_pid,px4,0.838,-0.015,-0.069,1,12.413,-1.265,-7.008,0.799,0.972,21.29,0.0375,15
21:41:25,MOVE,12.654,-2.056,-7.991,14.0,-2.0,-8.0,,sensor_only,1,3.125,3.894,3.783,2.703,14.0,-2.0,-8.0,0,1,1,1,0,0.16,7.23,1.58,1.704,0.006,-0.063,NOMINAL,0.9743,1.0,174.71,0,1,0,GPS,,0,0.152,1,0,0,0,1,1,0,velocity_pid,px4,0.743,-0.021,-0.063,1,12.62,-1.251,-7.001,0.811,0.986,21.46,0.0378,26
21:41:26,MOVE,12.776,-2.052,-7.995,14.0,-2.0,-8.0,,sensor_only,1,2.969,3.701,3.607,2.761,14.0,-2.0,-8.0,0,1,1,1,0,0.11,6.93,1.73,1.584,0.009,-0.057,NOMINAL,0.9741,1.0,174.66,0,1,0,GPS,,0,0.152,1,0,0,0,1,1,0,velocity_pid,px4,0.677,-0.025,-0.06,1,12.791,-1.237,-7.005,0.824,0.987,21.59,0.0382,39
21:41:26,MOVE,12.911,-2.046,-8.001,14.0,-2.0,-8.0,,sensor_only,1,2.829,3.515,3.421,2.831,14.0,-2.0,-8.0,0,1,1,1,0,0.04,6.65,1.9,1.447,0.011,-0.052,NOMINAL,0.9738,1.0,174.6,0,1,0,GPS,,0,0.152,1,0,0,0,1,1,0,velocity_pid,px4,0.606,-0.03,-0.055,1,12.955,-1.217,-6.986,0.839,1.012,21.74,0.0386,26
21:41:26,MOVE,13.034,-2.04,-8.005,14.0,-2.0,-8.0,,sensor_only,1,2.667,3.317,3.243,2.899,14.0,-2.0,-8.0,0,1,1,1,0,-0.02,6.29,2.05,1.317,0.012,-0.046,NOMINAL,0.9735,1.0,174.54,0,1,0,GPS,,0,0.152,1,0,0,0,1,1,0,velocity_pid,px4,0.542,-0.035,-0.052,1,13.124,-1.194,-6.969,0.862,1.034,21.87,0.0394,15
21:41:26,MOVE,13.128,-2.035,-8.008,14.0,-2.0,-8.0,,sensor_only,1,2.517,3.117,3.069,2.954,14.0,-2.0,-8.0,0,1,1,1,0,-0.08,5.95,2.17,1.215,0.012,-0.043,NOMINAL,0.9733,1.0,174.49,0,1,0,GPS,,0,0.151,1,0,0,0,1,1,0,velocity_pid,px4,0.494,-0.039,-0.05,1,13.23,-1.184,-6.958,0.868,1.049,21.97,0.0395,24
21:41:26,MOVE,13.24,-2.029,-8.012,14.0,-2.0,-8.0,,sensor_only,1,2.369,2.928,2.894,3.022,14.0,-2.0,-8.0,0,1,1,1,0,-0.14,5.55,2.29,1.091,0.011,-0.038,NOMINAL,0.9731,1.0,174.44,0,1,0,GPS,,0,0.151,1,0,0,0,1,1,0,velocity_pid,px4,0.437,-0.043,-0.047,1,13.359,-1.169,-6.943,0.879,1.068,22.09,0.0398,24
21:41:26,MOVE,13.326,-2.023,-8.016,14.0,-2.0,-8.0,,sensor_only,1,2.232,2.765,2.745,3.077,14.0,-2.0,-8.0,0,1,1,1,0,-0.19,5.22,2.36,0.994,0.009,-0.036,NOMINAL,0.9728,1.0,174.38,0,1,0,GPS,,0,0.151,1,0,0,0,1,1,0,velocity_pid,px4,0.394,-0.047,-0.044,1,13.477,-1.154,-6.927,0.892,1.087,22.19,0.0402,24
21:41:26,MOVE,13.405,-2.018,-8.019,15.0,-6.0,-8.0,,sensor_only,1,2.11,2.601,2.592,3.129,15.0,-6.0,-8.0,1,1,1,1,0,-0.23,4.89,2.39,0.903,0.008,-0.033,NOMINAL,0.9725,1.0,174.32,0,1,0,GPS,,0,0.152,1,0,0,0,1,1,0,velocity_pid,px4,1.079,-2.799,-0.041,1,13.585,-1.14,-6.91,0.904,1.108,22.28,0.0406,24
21:41:26,MOVE,13.486,-2.012,-8.022,15.0,-6.0,-8.0,,sensor_only,1,2.023,2.491,2.479,3.183,15.0,-6.0,-8.0,1,1,1,1,0,-3.42,2.43,2.41,0.811,0.016,0.005,NOMINAL,0.9723,1.0,174.27,0,1,0,GPS,,0,0.9,1,0,0,0,1,1,0,velocity_pid,px4,1.048,-2.811,-0.045,1,13.664,-1.129,-6.897,0.91,1.125,22.35,0.0407,24
21:41:26,MOVE,13.563,-2.01,-8.02,15.0,-6.0,-8.0,,sensor_only,1,1.936,2.38,2.378,3.234,15.0,-6.0,-8.0,1,1,1,1,0,-15.46,-3.74,2.25,0.826,-0.111,0.086,NOMINAL,0.972,1.0,174.21,0,1,0,GPS,,0,0.9,1,0,0,0,1,1,0,velocity_pid,px4,0.996,-2.83,-0.064,0,13.757,-1.117,-6.875,0.92,1.147,22.43,0.041,24
21:41:26,MOVE,13.656,-2.032,-8.001,15.0,-6.0,-8.0,,sensor_only,1,1.882,1.628,2.242,3.277,15.0,-6.0,-8.0,1,1,1,1,0,-23.17,-4.93,-0.2,0.904,-0.413,0.271,NOMINAL,0.9718,1.0,174.16,0,1,0,GPS,,0,0.9,1,0,0,0,1,1,0,velocity_pid,px4,0.918,-2.856,-0.12,0,13.844,-1.121,-6.846,0.926,1.166,22.51,0.0411,24
21:41:27,MOVE,13.753,-2.091,-7.965,15.0,-6.0,-8.0,,sensor_only,1,1.782,1.048,2.073,3.299,15.0,-6.0,-8.0,1,1,1,1,0,-23.75,-3.81,-5.28,0.948,-0.774,0.42,NOMINAL,0.9715,1.0,174.1,0,1,0,GPS,,0,0.152,1,0,0,0,1,1,0,velocity_pid,px4,0.843,-2.879,-0.185,0,13.955,-1.158,-6.792,0.935,1.19,22.63,0.0413,24
21:41:27,MOVE,13.854,-2.192,-7.917,15.0,-6.0,-8.0,,sensor_only,1,1.653,0.771,1.886,3.296,15.0,-6.0,-8.0,1,1,1,1,0,-20.6,-3.35,-10.96,0.947,-1.137,0.48,NOMINAL,0.9713,1.0,174.05,0,1,0,GPS,,0,0.152,1,0,0,0,1,1,0,velocity_pid,px4,0.8,-2.841,-0.245,0,14.039,-1.214,-6.742,0.946,1.204,22.74,0.0416,24
21:41:27,MOVE,13.954,-2.332,-7.865,15.0,-6.0,-8.0,,sensor_only,1,1.539,0.663,1.699,3.274,15.0,-6.0,-8.0,1,1,1,1,0,-17.42,-4.41,-17.72,0.931,-1.446,0.528,NOMINAL,0.971,1.0,173.99,0,1,0,GPS,,0,0.152,1,0,0,0,1,1,0,velocity_pid,px4,0.726,-2.659,-0.308,0,14.143,-1.316,-6.672,0.972,1.219,22.92,0.0424,24
21:41:27,MOVE,14.036,-2.473,-7.818,15.0,-6.0,-8.0,,sensor_only,1,1.44,1.417,1.537,3.246,15.0,-6.0,-8.0,1,1,1,1,0,-14.99,-5.33,-24.0,0.919,-1.671,0.577,NOMINAL,0.9708,1.0,173.94,0,1,0,GPS,,0,0.152,1,0,0,0,1,1,0,velocity_pid,px4,0.665,-2.497,-0.365,0,14.236,-1.436,-6.604,0.993,1.238,23.09,0.043,24
21:41:27,MOVE,14.131,-2.663,-7.757,15.0,-6.0,-8.0,,sensor_only,1,1.347,3.936,1.39,3.208,15.0,-6.0,-8.0,1,1,1,1,0,-11.47,-5.32,-33.25,0.901,-1.899,0.626,NOMINAL,0.9705,1.0,173.88,0,1,0,GPS,,0,0.152,1,0,0,0,1,1,0,velocity_pid,px4,0.596,-2.295,-0.436,1,14.068,-1.25,-6.863,1.348,0.915,23.33,0.0578,26
21:41:27,MOVE,14.215,-2.854,-7.699,15.0,-6.0,-8.0,,sensor_only,1,1.282,4.331,1.295,3.175,15.0,-6.0,-8.0,1,1,1,1,0,-8.74,-4.66,-41.52,0.872,-2.068,0.612,NOMINAL,0.9703,1.0,173.83,0,1,0,GPS,,0,0.152,1,0,0,0,1,1,0,velocity_pid,px4,0.537,-2.106,-0.492,1,14.317,-1.32,-6.787,1.436,0.944,23.5,0.0611,16
21:41:27,MOVE,14.287,-3.037,-7.653,15.0,-6.0,-8.0,,sensor_only,1,1.23,4.115,1.218,3.148,15.0,-6.0,-8.0,1,1,1,1,0,-6.27,-3.14,-50.09,0.83,-2.193,0.469,NOMINAL,0.97,1.0,173.77,0,1,0,GPS,,0,0.9,1,0,0,0,1,1,0,velocity_pid,px4,0.491,-1.934,-0.511,1,14.413,-1.429,-6.752,1.542,0.918,23.74,0.065,25
21:41:27,MOVE,14.367,-3.264,-7.617,15.0,-6.0,-8.0,,sensor_only,1,1.21,3.666,1.146,3.122,15.0,-6.0,-8.0,1,1,1,1,0,-3.77,-0.74,-60.34,0.766,-2.272,0.287,NOMINAL,0.9698,1.0,173.72,0,1,0,GPS,,0,0.9,1,0,0,0,1,1,0,velocity_pid,px4,0.445,-1.738,-0.511,1,14.496,-1.536,-6.733,1.623,0.9,23.94,0.0678,25
21:41:27,MOVE,14.427,-3.453,-7.599,15.0,-6.0,-8.0,,sensor_only,1,1.223,3.343,1.077,3.108,15.0,-6.0,-8.0,1,1,1,1,0,-2.57,1.01,-67.64,0.716,-2.28,0.232,NOMINAL,0.9695,1.0,173.66,0,1,0,GPS,,0,0.151,1,0,0,0,1,1,0,velocity_pid,px4,0.41,-1.59,-0.52,1,14.594,-1.676,-6.724,1.713,0.882,24.18,0.0708,25
21:41:27,MOVE,14.497,-3.69,-7.58,15.0,-6.0,-8.0,,sensor_only,1,1.263,3.194,1.024,3.104,15.0,-6.0,-8.0,1,1,1,1,0,-2.09,2.82,-75.33,0.652,-2.238,0.218,NOMINAL,0.9693,1.0,173.61,0,1,0,GPS,,0,0.151,1,0,0,0,1,1,0,velocity_pid,px4,0.372,-1.416,-0.538,1,14.667,-1.787,-6.721,1.789,0.869,24.38,0.0734,25
21:41:28,MOVE,14.544,-3.863,-7.565,15.0,-6.0,-8.0,,sensor_only,1,1.316,3.127,0.989,3.11,15.0,-6.0,-8.0,1,1,1,1,0,-2.2,3.65,-80.29,0.601,-2.178,0.214,NOMINAL,0.9691,1.0,173.56,0,1,0,GPS,,0,0.9,1,0,0,0,1,1,0,velocity_pid,px4,0.347,-1.297,-0.553,1,14.521,-2.155,-6.728,1.588,0.848,24.57,0.0646,35
21:41:28,MOVE,14.595,-4.057,-7.547,15.0,-6.0,-8.0,,sensor_only,1,1.393,3.086,0.944,3.126,15.0,-6.0,-8.0,1,1,1,1,0,-2.44,4.44,-85.05,0.537,-2.087,0.215,NOMINAL,0.9688,1.0,173.5,0,1,0,GPS,,0,0.9,1,0,0,0,1,1,0,velocity_pid,px4,0.324,-1.168,-0.572,1,14.539,-2.388,-6.728,1.59,0.827,24.81,0.0641,35
21:41:28,MOVE,14.635,-4.222,-7.53,15.0,-6.0,-8.0,,sensor_only,1,1.465,3.081,0.9,3.147,15.0,-6.0,-8.0,1,1,1,1,0,-2.48,4.83,-87.92,0.48,-1.988,0.22,NOMINAL,0.9685,1.0,173.44,0,1,0,GPS,,0,0.151,1,0,0,0,1,1,0,velocity_pid,px4,0.307,-1.065,-0.591,1,14.547,-2.548,-6.727,1.587,0.812,24.97,0.0635,35
21:41:28,MOVE,14.675,-4.401,-7.51,15.0,-6.0,-8.0,,sensor_only,1,1.514,3.088,0.857,3.177,15.0,-6.0,-8.0,1,1,1,1,0,-2.32,5.09,-89.69,0.418,-1.861,0.227,NOMINAL,0.9683,1.0,173.39,0,1,0,GPS,,0,0.152,1,0,0,0,1,1,0,velocity_pid,px4,0.29,-0.956,-0.615,1,14.552,-2.74,-6.726,1.584,0.793,25.16,0.063,35
21:41:28,MOVE,14.706,-4.539,-7.492,15.0,-6.0,-8.0,,sensor_only,1,1.47,3.091,0.822,3.206,15.0,-6.0,-8.0,1,1,1,1,0,-2.0,5.2,-89.99,0.373,-1.749,0.227,NOMINAL,0.968,1.0,173.33,0,1,0,GPS,,0,0.151,1,0,0,0,1,1,0,velocity_pid,px4,0.278,-0.877,-0.634,1,14.604,-2.938,-6.813,1.529,0.689,25.31,0.0604,51
21:41:28,MOVE,14.737,-4.686,-7.475,15.0,-6.0,-8.0,,sensor_only,1,1.37,3.124,0.776,3.237,15.0,-6.0,-8.0,1,1,1,1,0,-1.5,5.24,-89.07,0.326,-1.609,0.169,NOMINAL,0.9678,1.0,173.28,0,1,0,GPS,,0,0.151,1,0,0,0,1,1,0,velocity_pid,px4,0.265,-0.796,-0.642,1,14.616,-3.122,-6.84,1.49,0.643,25.46,0.0585,51
21:41:28,MOVE,14.754,-4.769,-7.468,15.0,-6.0,-8.0,,sensor_only,1,1.191,3.157,0.731,3.254,15.0,-6.0,-8.0,1,1,1,1,0,-1.12,5.01,-87.9,0.302,-1.521,0.098,NOMINAL,0.9675,1.0,173.22,0,1,0,GPS,,0,0.151,1,0,0,0,1,1,0,velocity_pid,px4,0.258,-0.755,-0.636,1,14.682,-3.276,-6.821,1.464,0.649,25.6,0.0572,45
21:41:28,MOVE,14.78,-4.891,-7.471,15.0,-6.0,-8.0,,sensor_only,1,0.932,3.177,0.701,3.28,15.0,-6.0,-8.0,1,1,1,1,0,-0.62,4.49,-85.67,0.27,-1.381,-0.08,NOMINAL,0.9673,1.0,173.17,0,1,0,GPS,,0,0.151,1,0,0,0,1,1,0,velocity_pid,px4,0.245,-0.695,-0.598,1,14.706,-3.405,-6.838,1.423,0.629,25.69,0.0554,33
21:41:28,MOVE,14.802,-4.99,-7.496,15.0,-6.0,-8.0,,sensor_only,1,0.765,3.218,0.665,3.302,15.0,-6.0,-8.0,1,1,1,1,0,-0.24,3.74,-83.18,0.249,-1.261,-0.309,NOMINAL,0.9671,1.0,173.12,0,1,0,GPS,,0,0.151,1,0,0,0,1,1,0,velocity_pid,px4,0.234,-0.647,-0.529,1,14.76,-3.5,-6.727,1.443,0.754,25.8,0.0559,32
21:41:28,MOVE,14.826,-5.087,-7.549,15.0,-6.0,-8.0,,sensor_only,1,0.711,3.261,0.628,3.326,15.0,-6.0,-8.0,1,1,1,1,0,-0.05,3.19,-80.75,0.234,-1.153,-0.491,NOMINAL,0.9668,1.0,173.06,0,1,0,GPS,,0,0.152,1,0,0,0,1,1,0,velocity_pid,px4,0.219,-0.598,-0.441,1,14.804,-3.615,-6.723,1.421,0.795,25.91,0.0548,29
21:41:29,MOVE,14.845,-5.156,-7.599,15.0,-6.0,-8.0,,sensor_only,1,0.666,3.314,0.61,3.345,15.0,-6.0,-8.0,1,1,1,1,0,0.02,3.08,-79.01,0.226,-1.083,-0.519,NOMINAL,0.9665,1.0,173.0,0,1,0,GPS,,0,0.152,1,0,0,0,1,1,0,velocity_pid,px4,0.206,-0.562,-0.387,1,14.838,-3.7,-6.747,1.409,0.817,26.0,0.0542,38
21:41:29,MOVE,14.868,-5.233,-7.657,15.0,-6.0,-8.0,,sensor_only,1,0.624,3.362,0.604,3.368,15.0,-6.0,-8.0,1,1,1,1,0,0.0,3.13,-77.23,0.217,-1.005,-0.488,NOMINAL,0.9663,1.0,172.95,0,1,0,GPS,,0,0.152,1,0,0,0,1,1,0,velocity_pid,px4,0.19,-0.522,-0.336,1,14.879,-3.801,-6.771,1.395,0.858,26.11,0.0534,38
21:41:29,MOVE,14.893,-5.312,-7.713,15.0,-6.0,-8.0,,sensor_only,1,0.61,3.417,0.602,3.393,15.0,-6.0,-8.0,1,1,1,1,0,-0.06,3.03,-76.0,0.207,-0.924,-0.435,NOMINAL,0.966,1.0,172.89,0,1,0,GPS,,0,0.152,1,0,0,0,1,1,0,velocity_pid,px4,0.173,-0.48,-0.292,1,14.919,-3.9,-6.823,1.377,0.865,26.21,0.0525,42
21:41:29,MOVE,14.913,-5.374,-7.754,15.0,-6.0,-8.0,,sensor_only,1,0.652,3.464,0.601,3.413,15.0,-6.0,-8.0,1,1,1,1,0,-0.13,2.84,-75.4,0.198,-0.861,-0.389,NOMINAL,0.9658,1.0,172.84,0,1,0,GPS,,0,0.152,1,0,0,0,1,1,0,velocity_pid,px4,0.159,-0.448,-0.261,1,14.951,-3.964,-6.767,1.383,0.969,26.3,0.0526,41
21:41:29,MOVE,14.933,-5.433,-7.788,15.0,-6.0,-8.0,,sensor_only,1,0.644,3.49,0.609,3.433,15.0,-6.0,-8.0,1,1,1,1,0,-0.21,2.65,-75.3,0.188,-0.802,-0.345,NOMINAL,0.9656,1.0,172.79,0,1,0,GPS,,0,0.151,1,0,0,0,1,1,0,velocity_pid,px4,0.146,-0.417,-0.236,1,14.962,-4.026,-6.818,1.376,0.952,26.37,0.0522,27
21:41:29,MOVE,14.952,-5.493,-7.82,21.0,-3.0,-8.0,,sensor_only,1,0.623,3.52,0.605,3.452,21.0,-3.0,-8.0,2,1,1,1,0,-0.32,2.45,-75.69,0.175,-0.744,-0.305,NOMINAL,0.9653,1.0,172.73,0,1,0,GPS,,0,0.151,1,0,0,0,1,1,0,velocity_pid,px4,2.488,1.677,-0.213,1,14.985,-4.096,-6.833,1.368,0.972,26.44,0.0518,27
21:41:29,MOVE,14.971,-5.556,-7.848,21.0,-3.0,-8.0,,sensor_only,1,0.623,3.536,0.603,3.471,21.0,-3.0,-8.0,2,1,1,1,0,4.53,2.65,-76.56,0.151,-0.691,-0.25,NOMINAL,0.965,1.0,172.67,0,1,0,GPS,,0,0.151,1,0,0,0,1,1,0,velocity_pid,px4,2.471,1.701,-0.196,1,15.006,-4.161,-6.844,1.367,0.992,26.51,0.0515,27
21:41:29,MOVE,14.99,-5.607,-7.866,21.0,-3.0,-8.0,,sensor_only,1,0.633,3.562,0.603,3.49,21.0,-3.0,-8.0,2,1,1,1,0,16.85,4.81,-76.0,0.271,-0.607,-0.17,NOMINAL,0.9648,1.0,172.62,0,1,0,GPS,,0,0.152,1,0,0,0,1,1,0,velocity_pid,px4,2.462,1.714,-0.194,1,15.027,-4.223,-6.848,1.367,1.012,26.58,0.0514,27
21:41:29,MOVE,15.038,-5.654,-7.874,21.0,-3.0,-8.0,,sensor_only,1,0.615,3.701,0.603,3.538,21.0,-3.0,-8.0,2,1,1,1,0,25.93,9.31,-72.32,0.587,-0.404,-0.004,NOMINAL,0.9645,1.0,172.56,0,1,0,GPS,,0,0.151,1,0,0,0,1,1,0,velocity_pid,px4,2.465,1.71,-0.22,1,15.064,-4.273,-6.843,1.366,1.031,26.64,0.0513,27
21:41:29,MOVE,15.112,-5.673,-7.865,21.0,-3.0,-8.0,,sensor_only,1,0.607,3.933,0.603,3.612,21.0,-3.0,-8.0,2,1,1,1,0,26.67,11.55,-67.94,0.903,-0.134,0.126,NOMINAL,0.9643,1.0,172.51,0,1,0,GPS,,0,0.152,1,0,0,0,1,1,0,velocity_pid,px4,2.483,1.684,-0.256,0,15.117,-4.299,-6.826,1.368,1.045,26.7,0.0512,27
21:41:30,MOVE,15.242,-5.659,-7.84,21.0,-3.0,-8.0,,sensor_only,1,0.604,4.04,0.603,3.742,21.0,-3.0,-8.0,2,1,1,1,0,22.6,10.76,-63.02,1.228,0.233,0.225,NOMINAL,0.964,1.0,172.45,0,1,0,GPS,,0,0.152,1,0,0,0,1,1,0,velocity_pid,px4,2.52,1.627,-0.301,0,15.213,-4.304,-6.793,1.367,1.059,26.82,0.051,27
21:41:30,MOVE,15.393,-5.609,-7.81,21.0,-3.0,-8.0,,sensor_only,1,0.609,4.04,0.603,3.893,21.0,-3.0,-8.0,2,1,1,1,0,17.72,7.1,-57.8,1.442,0.525,0.287,NOMINAL,0.9638,1.0,172.4,0,1,0,GPS,,0,0.152,1,0,0,0,1,1,0,velocity_pid,px4,2.561,1.562,-0.343,0,15.337,-4.275,-6.752,1.363,1.074,26.96,0.0506,27
21:41:30,MOVE,15.535,-5.547,-7.781,21.0,-3.0,-8.0,,sensor_only,1,0.624,4.04,0.603,4.035,21.0,-3.0,-8.0,2,1,1,1,0,14.99,3.43,-52.74,1.58,0.704,0.345,NOMINAL,0.9635,1.0,172.34,1,1,0,GPS,ENTER_DENIED_ZONE,0,0.151,1,0,0,0,1,1,0,velocity_pid,px4,2.595,1.505,-0.385,0,15.45,-4.231,-6.714,1.355,1.085,27.11,0.05,27
21:41:30,MOVE,15.734,-5.449,-7.737,21.0,-3.0,-8.0,,sensor_only,1,0.624,4.04,0.603,4.234,21.0,-3.0,-8.0,2,1,1,1,0,12.95,-0.79,-45.02,1.746,0.871,0.418,NOMINAL,0.9633,1.0,172.29,1,1,0,GPS,,0,0.151,1,0,0,0,1,1,0,velocity_pid,px4,2.638,1.429,-0.445,0,15.605,-4.158,-6.66,1.339,1.098,27.32,0.049,27
21:41:30,MOVE,15.915,-5.356,-7.694,21.0,-3.0,-8.0,,sensor_only,1,0.624,1.879,0.603,4.415,21.0,-3.0,-8.0,2,1,1,1,0,11.56,-3.58,-36.89,1.888,0.978,0.468,NOMINAL,0.9631,1.0,172.24,1,1,0,GPS,,0,0.151,1,0,0,0,1,1,0,velocity_pid,px4,2.673,1.362,-0.499,1,15.555,-4.01,-6.787,1.421,0.931,27.52,0.0516,25
21:41:30,MOVE,16.089,-5.267,-7.651,21.0,-3.0,-8.0,,sensor_only,1,0.624,1.879,11.325,4.589,21.0,-3.0,-8.0,2,1,1,1,0,9.91,-5.6,-28.08,2.017,1.06,0.502,NOMINAL,0.9628,1.0,172.18,1,1,0,GPS,,0,0.9,1,0,0,0,1,1,0,velocity_pid,px4,2.704,1.299,-0.549,1,15.613,-3.872,-6.745,1.488,0.923,27.75,0.0536,41
21:41:30,MOVE,16.329,-5.147,-7.592,21.0,-3.0,-8.0,,sensor_only,1,8.716,1.879,17.481,4.829,21.0,-3.0,-8.0,2,1,1,1,0,7.19,-7.22,-16.38,2.18,1.145,0.523,NOMINAL,0.9626,1.0,172.13,1,1,0,GPS,,0,0.152,1,0,0,0,1,1,0,velocity_pid,px4,2.743,1.214,-0.613,1,15.737,-3.712,-6.723,1.569,0.901,27.96,0.0561,44
21:41:30,MOVE,16.524,-5.052,-7.55,21.0,-3.0,-8.0,,sensor_only,1,16.351,1.879,20.135,5.024,21.0,-3.0,-8.0,2,1,1,1,0,4.75,-7.79,-6.49,2.312,1.204,0.409,NOMINAL,0.9623,1.0,172.07,1,1,0,GPS,,0,0.151,1,0,0,0,1,1,0,velocity_pid,px4,2.772,1.147,-0.634,1,15.871,-3.568,-6.692,1.632,0.882,28.2,0.0579,44
21:41:30,MOVE,16.75,-4.944,-7.519,21.0,-3.0,-8.0,,sensor_only,1,18.896,1.879,20.135,5.25,21.0,-3.0,-8.0,2,1,1,1,0,2.02,-7.37,4.12,2.446,1.251,0.257,NOMINAL,0.962,1.0,172.02,1,1,0,GPS,,0,0.152,1,0,0,0,1,1,0,velocity_pid,px4,2.794,1.092,-0.636,1,16.002,-3.374,-6.655,1.742,0.876,28.47,0.0612,49
21:41:30,MOVE,16.985,-4.837,-7.5,21.0,-3.0,-8.0,,sensor_only,1,19.703,1.879,20.135,5.485,21.0,-3.0,-8.0,2,1,1,1,0,-0.46,-5.85,14.9,2.539,1.27,0.224,NOMINAL,0.9618,1.0,171.96,1,1,0,GPS,,0,0.9,1,0,0,0,1,1,0,velocity_pid,px4,2.733,1.06,-0.65,1,16.139,-3.187,-6.619,1.853,0.889,28.72,0.0645,52
21:41:31,MOVE,17.224,-4.731,-7.483,21.0,-3.0,-8.0,,sensor_only,1,19.804,1.879,20.135,5.724,21.0,-3.0,-8.0,2,1,1,1,0,-1.54,-4.55,22.22,2.607,1.268,0.227,NOMINAL,0.9616,1.0,171.91,1,1,0,GPS,,0,0.151,1,0,0,0,1,1,0,velocity_pid,px4,2.532,0.979,-0.669,1,16.279,-3.006,-6.602,1.959,0.89,28.96,0.0677,62
21:41:31,MOVE,17.444,-4.637,-7.468,21.0,-3.0,-8.0,,sensor_only,1,19.647,1.879,20.135,5.944,21.0,-3.0,-8.0,2,1,1,1,0,-1.81,-3.16,28.43,2.651,1.258,0.236,NOMINAL,0.9613,1.0,171.85,1,1,0,GPS,,0,0.9,1,0,0,0,1,1,0,velocity_pid,px4,2.352,0.91,-0.687,1,16.433,-2.818,-6.582,2.072,0.894,29.23,0.0709,62
21:41:31,MOVE,17.687,-4.536,-7.45,21.0,-3.0,-8.0,,sensor_only,1,9.489,1.879,20.135,6.0,21.0,-3.0,-8.0,2,1,1,1,0,-1.43,-1.04,34.01,2.672,1.24,0.241,NOMINAL,0.9611,1.0,171.8,1,1,0,GPS,,0,0.151,1,0,0,0,1,1,0,velocity_pid,px4,2.159,0.837,-0.708,1,16.566,-2.68,-6.55,2.156,0.907,29.51,0.073,39
21:41:31,MOVE,17.948,-4.43,-7.43,21.0,-3.0,-8.0,,sensor_only,1,5.692,1.879,20.135,5.799,21.0,-3.0,-8.0,2,1,1,1,0,-0.63,1.19,38.55,2.653,1.209,0.234,NOMINAL,0.9608,1.0,171.74,1,1,0,GPS,,0,0.151,1,0,0,0,1,1,0,velocity_pid,px4,1.961,0.763,-0.729,1,16.708,-2.523,-6.523,2.256,0.915,29.77,0.0758,39
21:41:31,MOVE,18.18,-4.338,-7.412,21.0,-3.0,-8.0,,sensor_only,1,4.069,10.851,20.135,5.626,21.0,-3.0,-8.0,2,1,1,1,0,0.31,3.02,41.67,2.601,1.169,0.227,NOMINAL,0.9606,1.0,171.69,1,1,0,GPS,,0,0.152,1,0,0,0,1,1,0,velocity_pid,px4,1.794,0.702,-0.747,1,16.904,-2.389,-6.564,2.306,0.858,30.01,0.0769,55
21:41:31,MOVE,18.383,-4.26,-7.396,21.0,-3.0,-8.0,,sensor_only,1,2.601,13.953,20.135,5.48,21.0,-3.0,-8.0,2,1,1,1,0,1.15,4.29,43.5,2.527,1.125,0.222,NOMINAL,0.9603,1.0,171.63,1,1,0,GPS,,0,0.151,1,0,0,0,1,1,0,velocity_pid,px4,1.656,0.653,-0.763,1,17.099,-2.22,-6.573,2.395,0.829,30.27,0.0791,55
21:41:31,MOVE,18.632,-4.165,-7.377,21.0,-3.0,-8.0,,sensor_only,1,1.812,16.818,20.135,5.306,21.0,-3.0,-8.0,2,1,1,1,0,1.97,5.33,44.43,2.404,1.063,0.216,NOMINAL,0.96,1.0,171.57,1,1,0,GPS,,0,0.151,1,0,0,0,1,1,0,velocity_pid,px4,1.492,0.595,-0.783,1,17.306,-2.087,-6.53,2.446,0.855,30.53,0.0801,66
21:41:31,MOVE,18.828,-4.09,-7.361,21.0,-3.0,-8.0,,sensor_only,1,1.497,17.79,20.135,5.174,21.0,-3.0,-8.0,2,1,1,1,0,2.32,5.75,43.97,2.287,1.01,0.22,NOMINAL,0.9598,1.0,171.52,1,1,0,GPS,,0,0.151,1,0,0,0,1,1,0,velocity_pid,px4,1.368,0.55,-0.802,1,17.461,-1.965,-6.518,2.506,0.852,30.72,0.0816,66
21:41:31,MOVE,19.012,-4.02,-7.345,21.0,-3.0,-8.0,,sensor_only,1,1.407,17.985,20.135,5.054,21.0,-3.0,-8.0,2,1,1,1,0,2.41,6.16,42.33,2.16,0.957,0.215,NOMINAL,0.9595,1.0,171.46,1,1,0,GPS,,0,0.9,1,0,0,0,1,1,0,velocity_pid,px4,1.257,0.51,-0.819,1,17.67,-1.893,-6.511,2.5,0.841,30.95,0.0808,66
21:41:31,MOVE,19.166,-3.961,-7.333,21.0,-3.0,-8.0,,sensor_only,1,1.43,17.934,20.135,4.959,21.0,-3.0,-8.0,2,1,1,1,0,2.21,6.32,40.14,2.036,0.907,0.154,NOMINAL,0.9593,1.0,171.41,1,1,0,GPS,,0,0.151,1,0,0,0,1,1,0,velocity_pid,px4,1.169,0.477,-0.821,1,17.872,-1.848,-6.481,2.464,0.858,31.12,0.0792,76
21:41:32,MOVE,19.348,-3.889,-7.33,21.0,-3.0,-8.0,,sensor_only,1,1.52,17.934,20.135,4.86,21.0,-3.0,-8.0,2,1,1,1,0,1.7,6.13,36.84,1.864,0.835,-0.025,NOMINAL,0.9591,1.0,171.36,1,1,0,GPS,,0,0.151,1,0,0,0,1,1,0,velocity_pid,px4,1.069,0.439,-0.79,1,18.053,-1.752,-6.447,2.484,0.882,31.29,0.0794,72
21:41:32,MOVE,19.463,-3.843,-7.343,21.0,-3.0,-8.0,,sensor_only,1,1.619,17.934,20.135,4.811,21.0,-3.0,-8.0,2,1,1,1,0,1.22,5.53,34.22,1.748,0.786,-0.208,NOMINAL,0.9588,1.0,171.3,1,1,0,GPS,,0,0.9,1,0,0,0,1,1,0,velocity_pid,px4,1.009,0.416,-0.743,1,18.228,-1.667,-6.434,2.495,0.901,31.47,0.0793,72
21:41:32,MOVE,19.614,-3.782,-7.387,21.0,-3.0,-8.0,,sensor_only,1,1.611,17.934,20.135,4.77,21.0,-3.0,-8.0,2,1,1,1,0,0.73,4.7,30.88,1.602,0.722,-0.448,NOMINAL,0.9586,1.0,171.25,1,1,0,GPS,,0,0.152,1,0,0,0,1,1,0,velocity_pid,px4,0.928,0.385,-0.653,1,18.368,-1.617,-6.363,2.489,0.999,31.61,0.0787,64
21:41:32,MOVE,19.72,-3.738,-7.437,21.0,-3.0,-8.0,,sensor_only,1,1.497,17.934,20.135,4.759,21.0,-3.0,-8.0,2,1,1,1,0,0.49,4.28,28.71,1.507,0.679,-0.581,NOMINAL,0.9583,1.0,171.19,1,1,0,GPS,,0,0.151,1,0,0,0,1,1,0,velocity_pid,px4,0.87,0.362,-0.577,1,18.524,-1.551,-6.341,2.488,1.075,31.76,0.0783,64
21:41:32,MOVE,19.848,-3.686,-7.515,21.0,-3.0,-8.0,,sensor_only,1,1.3,17.934,20.135,4.762,21.0,-3.0,-8.0,2,1,1,1,0,0.31,4.23,26.67,1.399,0.629,-0.645,NOMINAL,0.9581,1.0,171.14,1,1,0,GPS,,0,0.151,1,0,0,0,1,1,0,velocity_pid,px4,0.796,0.334,-0.488,1,18.638,-1.513,-6.303,2.48,1.169,31.89,0.0778,99
21:41:32,MOVE,19.96,-3.64,-7.588,21.0,-3.0,-8.0,,sensor_only,1,0.885,17.934,20.135,4.773,21.0,-3.0,-8.0,2,1,1,1,0,0.27,4.27,25.44,1.308,0.587,-0.622,NOMINAL,0.9578,1.0,171.08,1,1,0,GPS,,0,0.151,1,0,0,0,1,1,0,velocity_pid,px4,0.732,0.309,-0.421,1,18.775,-1.46,-6.283,2.475,1.269,32.05,0.0772,99
21:41:32,MOVE,20.047,-3.604,-7.643,21.0,-3.0,-8.0,,sensor_only,1,0.716,17.934,20.135,4.784,21.0,-3.0,-8.0,2,1,1,1,0,0.29,4.31,25.04,1.235,0.555,-0.572,NOMINAL,0.9576,1.0,171.03,1,1,0,GPS,,0,0.151,1,0,0,0,1,1,0,velocity_pid,px4,0.682,0.29,-0.377,1,18.906,-1.439,-6.372,2.443,1.239,32.16,0.076,77
21:41:32,MOVE,20.154,-3.559,-7.706,21.0,-3.0,-8.0,,sensor_only,1,0.654,17.934,20.135,4.796,21.0,-3.0,-8.0,2,1,1,1,0,0.35,4.25,25.22,1.142,0.515,-0.501,NOMINAL,0.9573,1.0,170.97,1,1,0,GPS,,0,0.152,1,0,0,0,1,1,0,velocity_pid,px4,0.621,0.265,-0.329,1,19.036,-1.393,-6.401,2.434,1.273,32.29,0.0754,86
21:41:32,MOVE,20.245,-3.52,-7.755,21.0,-3.0,-8.0,,sensor_only,1,0.664,17.934,20.135,4.807,21.0,-3.0,-8.0,2,1,1,1,0,0.44,4.03,26.05,1.059,0.482,-0.442,NOMINAL,0.957,1.0,170.91,1,1,0,GPS,,0,0.151,1,0,0,0,1,1,0,velocity_pid,px4,0.571,0.243,-0.292,1,19.148,-1.333,-6.409,2.445,1.323,32.41,0.0754,84
21:41:32,MOVE,20.324,-3.487,-7.794,21.0,-3.0,-8.0,,sensor_only,1,0.662,17.934,20.135,4.815,21.0,-3.0,-8.0,2,1,1,1,0,0.5,3.85,27.23,0.987,0.454,-0.392,NOMINAL,0.9568,1.0,170.86,1,1,0,GPS,,0,0.151,1,0,0,0,1,1,0,velocity_pid,px4,0.527,0.224,-0.264,1,19.256,-1.278,-6.46,2.451,1.314,32.51,0.0754,77
21:41:33,MOVE,20.404,-3.453,-7.831,21.0,-3.0,-8.0,,sensor_only,1,0.623,17.934,20.135,4.823,21.0,-3.0,-8.0,2,1,1,1,0,0.58,3.66,28.8,0.912,0.423,-0.345,NOMINAL,0.9566,1.0,170.81,1,1,0,GPS,,0,0.151,1,0,0,0,1,1,0,velocity_pid,px4,0.483,0.205,-0.237,1,19.368,-1.23,-6.525,2.451,1.292,32.62,0.0752,69
21:41:33,MOVE,20.478,-3.421,-7.863,21.0,-3.0,-8.0,,sensor_only,1,0.612,17.934,20.135,4.83,21.0,-3.0,-8.0,2,1,1,1,0,0.67,3.43,30.78,0.84,0.394,-0.306,NOMINAL,0.9563,1.0,170.75,1,1,0,GPS,,0,0.151,1,0,0,0,1,1,0,velocity_pid,px4,0.443,0.188,-0.214,1,19.477,-1.17,-6.556,2.463,1.291,32.7,0.0753,67
21:41:33,MOVE,20.541,-3.395,-7.888,21.0,-3.0,-8.0,,sensor_only,1,6.815,17.934,20.135,4.836,21.0,-3.0,-8.0,2,1,1,1,0,0.75,3.21,32.66,0.778,0.369,-0.275,NOMINAL,0.956,1.0,170.69,1,1,0,GPS,,0,0.9,1,0,0,0,1,1,0,velocity_pid,px4,0.409,0.174,-0.195,1,19.566,-1.15,-6.571,2.447,1.303,32.78,0.0747,57
21:41:33,MOVE,20.595,-3.371,-7.908,31.0,0.0,-8.0,,sensor_only,1,12.719,17.934,20.135,4.841,31.0,0.0,-8.0,3,1,1,1,0,0.82,3.02,34.41,0.724,0.348,-0.251,NOMINAL,0.9558,1.0,170.64,1,1,0,GPS,,0,0.151,1,0,0,0,1,1,0,velocity_pid,px4,2.279,1.951,-0.18,1,19.643,-1.122,-6.588,2.443,1.311,32.85,0.0744,57
21:41:33,MOVE,20.659,-3.342,-7.935,31.0,0.0,-8.0,,sensor_only,1,14.812,17.934,20.135,4.851,31.0,0.0,-8.0,3,1,1,1,0,1.82,-3.67,36.29,0.661,0.33,-0.338,NOMINAL,0.9555,1.0,170.58,1,1,0,GPS,,0,0.151,1,0,0,0,1,1,0,velocity_pid,px4,2.284,1.945,-0.135,1,19.719,-1.095,-6.603,2.437,1.317,32.91,0.074,57
21:41:33,MOVE,20.715,-3.31,-7.965,31.0,0.0,-8.0,,sensor_only,1,15.269,16.012,20.135,4.869,31.0,0.0,-8.0,3,1,1,1,0,4.22,-15.28,36.68,0.746,0.459,-0.313,NOMINAL,0.9553,1.0,170.53,1,1,0,GPS,,0,0.152,1,0,0,0,1,1,0,velocity_pid,px4,2.303,1.922,-0.11,1,19.802,-1.064,-6.628,2.43,1.324,32.99,0.0737,57
21:41:33,MOVE,20.798,-3.248,-7.991,31.0,0.0,-8.0,,sensor_only,1,9.401,16.012,23.666,4.888,31.0,0.0,-8.0,3,1,1,1,0,5.08,-20.04,36.16,0.928,0.711,-0.172,NOMINAL,0.955,1.0,170.47,1,1,0,GPS,,0,0.151,1,0,0,0,1,1,0,velocity_pid,px4,2.343,1.873,-0.113,1,19.892,-1.018,-6.648,2.423,1.334,33.08,0.0732,57
21:41:33,MOVE,20.882,-3.177,-8.001,31.0,0.0,-8.0,,sensor_only,1,3.79,16.012,14.682,4.902,31.0,0.0,-8.0,3,1,1,1,0,4.1,-19.31,35.18,1.094,0.92,-0.1,NOMINAL,0.9548,1.0,170.42,1,1,0,GPS,,0,0.151,1,0,0,0,1,1,0,velocity_pid,px4,2.383,1.823,-0.117,0,19.994,-0.953,-6.655,2.41,1.343,33.19,0.0726,57
21:41:33,MOVE,21.006,-3.064,-8.008,31.0,0.0,-8.0,,sensor_only,1,1.756,16.012,11.919,4.922,31.0,0.0,-8.0,3,1,1,1,0,2.13,-16.32,32.97,1.304,1.139,-0.086,NOMINAL,0.9546,1.0,170.37,1,1,0,GPS,,0,0.151,1,0,0,0,1,1,0,velocity_pid,px4,2.436,1.751,-0.113,1,19.881,-0.965,-6.607,2.405,1.398,33.32,0.0722,64
21:41:33,MOVE,21.129,-2.953,-8.015,31.0,0.0,-8.0,,sensor_only,1,1.133,16.012,22.707,4.948,31.0,0.0,-8.0,3,1,1,1,0,0.93,-13.8,30.48,1.473,1.277,-0.113,NOMINAL,0.9543,1.0,170.31,1,1,0,GPS,,0,0.152,1,0,0,0,1,1,0,velocity_pid,px4,2.481,1.686,-0.101,1,19.965,-0.879,-6.592,2.394,1.42,33.51,0.0715,64
21:41:34,MOVE,21.311,-2.794,-8.028,31.0,0.0,-8.0,,sensor_only,1,1.043,16.012,25.134,4.996,31.0,0.0,-8.0,3,1,1,1,0,0.11,-11.3,26.8,1.664,1.397,-0.128,NOMINAL,0.954,1.0,170.25,1,1,0,GPS,,0,0.15,1,0,0,0,1,1,0,velocity_pid,px4,2.539,1.597,-0.085,1,20.058,-0.788,-6.581,2.382,1.441,33.72,0.0706,64
21:41:34,MOVE,21.482,-2.652,-8.04,31.0,0.0,-8.0,,sensor_only,1,1.134,16.012,25.134,5.046,31.0,0.0,-8.0,3,1,1,1,0,-0.17,-9.77,23.41,1.803,1.462,-0.125,NOMINAL,0.9538,1.0,170.2,1,1,0,GPS,,0,0.152,1,0,0,0,1,1,0,velocity_pid,px4,2.587,1.52,-0.074,1,20.226,-0.87,-6.715,2.193,1.318,33.92,0.0646,32
21:41:34,MOVE,21.664,-2.508,-8.051,31.0,0.0,-8.0,,sensor_only,1,1.369,16.012,25.134,5.105,31.0,0.0,-8.0,3,1,1,1,0,-0.48,-8.68,20.03,1.928,1.504,-0.113,NOMINAL,0.9535,1.0,170.14,1,1,0,GPS,,0,0.151,1,0,0,0,1,1,0,velocity_pid,px4,2.632,1.44,-0.065,1,20.424,-0.761,-6.759,2.15,1.286,34.16,0.0629,52
21:41:34,MOVE,21.856,-2.364,-8.06,31.0,0.0,-8.0,,sensor_only,1,1.637,16.012,25.134,5.17,31.0,0.0,-8.0,3,1,1,1,0,-0.82,-7.9,17.14,2.041,1.527,-0.1,NOMINAL,0.9533,1.0,170.09,1,1,0,GPS,,0,0.15,1,0,0,0,1,1,0,velocity_pid,px4,2.674,1.36,-0.058,1,20.547,-0.658,-6.771,2.153,1.284,34.38,0.0626,49
21:41:34,MOVE,22.038,-2.234,-8.067,31.0,0.0,-8.0,,sensor_only,1,1.907,16.012,25.134,5.236,31.0,0.0,-8.0,3,1,1,1,0,-1.12,-7.31,14.92,2.136,1.534,-0.089,NOMINAL,0.9531,1.0,170.04,1,1,0,GPS,,0,0.151,1,0,0,0,1,1,0,velocity_pid,px4,2.71,1.287,-0.053,1,20.715,-0.569,-6.749,2.123,1.315,34.62,0.0613,56
21:41:34,MOVE,22.244,-2.094,-8.073,31.0,0.0,-8.0,,sensor_only,1,2.116,16.012,25.134,5.316,31.0,0.0,-8.0,3,1,1,1,0,-1.56,-6.75,12.9,2.23,1.528,-0.079,NOMINAL,0.9528,1.0,169.98,1,1,0,GPS,,0,0.151,1,0,0,0,1,1,0,velocity_pid,px4,2.747,1.207,-0.048,1,20.896,-0.475,-6.74,2.099,1.331,34.89,0.0602,56
21:41:34,MOVE,22.475,-1.945,-8.079,31.0,0.0,-8.0,,sensor_only,1,2.335,16.012,25.134,5.411,31.0,0.0,-8.0,3,1,1,1,0,-2.0,-6.3,11.5,2.325,1.507,-0.07,NOMINAL,0.9526,1.0,169.93,1,1,0,GPS,,0,0.15,1,0,0,0,1,1,0,velocity_pid,px4,2.783,1.12,-0.044,1,21.087,-0.416,-6.741,2.046,1.335,35.12,0.0583,34
21:41:34,MOVE,22.653,-1.836,-8.083,31.0,0.0,-8.0,,sensor_only,1,2.584,16.012,25.134,5.486,31.0,0.0,-8.0,3,1,1,1,0,-2.32,-5.95,10.7,2.389,1.483,-0.065,NOMINAL,0.9523,1.0,169.87,1,1,0,GPS,,0,0.151,1,0,0,0,1,1,0,velocity_pid,px4,2.807,1.058,-0.041,1,21.263,-0.351,-6.737,2.017,1.344,35.38,0.057,34
21:41:34,MOVE,22.895,-1.696,-8.088,31.0,0.0,-8.0,,sensor_only,1,2.848,16.012,25.134,5.584,31.0,0.0,-8.0,3,1,1,1,0,-2.72,-5.54,10.14,2.468,1.442,-0.058,NOMINAL,0.952,1.0,169.81,1,1,0,GPS,,0,0.151,1,0,0,0,1,1,0,velocity_pid,px4,2.837,0.976,-0.037,1,21.491,-0.212,-6.745,2.019,1.341,35.63,0.0567,74
21:41:34,MOVE,23.122,-1.573,-8.091,31.0,0.0,-8.0,,sensor_only,1,3.034,16.012,25.134,5.671,31.0,0.0,-8.0,3,1,1,1,0,-3.0,-5.19,9.98,2.533,1.398,-0.051,NOMINAL,0.9518,1.0,169.76,1,1,0,GPS,,0,0.152,1,0,0,0,1,1,0,velocity_pid,px4,2.861,0.904,-0.035,1,21.684,-0.127,-6.744,2.003,1.345,35.87,0.0558,74
21:41:35,MOVE,23.331,-1.466,-8.094,31.0,0.0,-8.0,,sensor_only,1,3.276,16.012,25.134,5.748,31.0,0.0,-8.0,3,1,1,1,0,-3.24,-4.89,10.05,2.588,1.353,-0.046,NOMINAL,0.9516,1.0,169.71,1,1,0,GPS,,0,0.151,1,0,0,0,1,1,0,velocity_pid,px4,2.88,0.841,-0.032,1,21.842,0.008,-6.735,2.055,1.357,36.1,0.0569,66
21:41:35,MOVE,23.544,-1.363,-8.097,31.0,0.0,-8.0,,sensor_only,1,3.552,16.012,25.134,5.823,31.0,0.0,-8.0,3,1,1,1,0,-3.47,-4.61,10.25,2.638,1.305,-0.041,NOMINAL,0.9513,1.0,169.65,1,1,0,GPS,,0,0.9,1,0,0,0,1,1,0,velocity_pid,px4,2.897,0.781,-0.03,1,22.043,0.144,-6.728,2.098,1.368,36.38,0.0577,77
21:41:35,MOVE,23.824,-1.236,-8.1,31.0,0.0,-8.0,,sensor_only,1,3.787,16.012,25.134,5.916,31.0,0.0,-8.0,3,1,1,1,0,-3.68,-4.27,10.58,2.697,1.239,-0.036,NOMINAL,0.9511,1.0,169.6,1,1,0,GPS,,0,0.9,1,0,0,0,1,1,0,velocity_pid,px4,2.916,0.706,-0.028,1,22.237,0.251,-6.718,2.124,1.381,36.64,0.058,91
21:41:35,MOVE,24.043,-1.143,-8.103,31.0,0.0,-8.0,,sensor_only,1,4.086,16.012,25.134,5.984,31.0,0.0,-8.0,3,1,1,1,0,-3.77,-4.02,10.83,2.737,1.186,-0.033,NOMINAL,0.9508,1.0,169.54,1,1,0,GPS,,0,0.151,1,0,0,0,1,1,0,velocity_pid,px4,2.928,0.652,-0.026,1,22.432,0.34,-6.718,2.134,1.383,36.88,0.0579,91
21:41:35,MOVE,24.241,-1.065,-8.104,31.0,0.0,-8.0,,sensor_only,1,4.374,16.012,25.134,6.043,31.0,0.0,-8.0,3,1,1,1,0,-3.86,-3.81,11.01,2.771,1.136,-0.03,NOMINAL,0.9506,1.0,169.49,1,1,0,GPS,,0,0.151,1,0,0,0,1,1,0,velocity_pid,px4,2.938,0.607,-0.025,1,22.678,0.449,-6.714,2.148,1.389,37.17,0.0578,91
21:41:35,MOVE,24.509,-0.966,-8.106,31.0,0.0,-8.0,,sensor_only,1,4.713,16.012,25.134,6.117,31.0,0.0,-8.0,3,1,1,1,0,-3.92,-3.58,11.12,2.812,1.068,-0.026,NOMINAL,0.9503,1.0,169.43,1,1,0,GPS,,0,0.151,1,0,0,0,1,1,0,velocity_pid,px4,2.949,0.55,-0.023,1,22.878,0.532,-6.711,2.162,1.394,37.4,0.0578,91
21:41:35,MOVE,24.735,-0.89,-8.107,31.0,0.0,-8.0,,sensor_only,1,4.989,16.012,25.134,6.174,31.0,0.0,-8.0,3,1,1,1,0,-3.89,-3.4,11.08,2.842,1.011,-0.024,NOMINAL,0.9501,1.0,169.38,1,1,0,GPS,,0,0.152,1,0,0,0,1,1,0,velocity_pid,px4,2.957,0.507,-0.022,1,23.047,0.624,-6.72,2.2,1.386,37.62,0.0585,68
21:41:35,MOVE,24.962,-0.818,-8.108,31.0,0.0,-8.0,,sensor_only,1,5.327,16.012,25.134,6.16,31.0,0.0,-8.0,3,1,1,1,0,-3.83,-3.25,10.92,2.869,0.955,-0.022,NOMINAL,0.9498,1.0,169.32,1,1,0,GPS,,0,0.151,1,0,0,0,1,1,0,velocity_pid,px4,2.963,0.467,-0.021,1,23.281,0.722,-6.721,2.222,1.386,37.88,0.0587,68
21:41:35,MOVE,25.19,-0.751,-8.109,31.0,0.0,-8.0,,sensor_only,1,5.628,16.012,25.134,6.106,31.0,0.0,-8.0,3,1,1,1,0,-3.75,-3.13,10.63,2.893,0.899,-0.021,NOMINAL,0.9496,1.0,169.27,1,1,0,GPS,,0,0.9,1,0,0,0,1,1,0,velocity_pid,px4,2.969,0.43,-0.02,1,23.457,0.791,-6.722,2.271,1.387,38.14,0.0595,68
21:41:35,MOVE,25.488,-0.672,-8.111,31.0,0.0,-8.0,,sensor_only,1,5.695,13.53,25.134,6.055,31.0,0.0,-8.0,3,1,1,1,0,-3.6,-3.02,10.14,2.921,0.828,-0.019,NOMINAL,0.9493,1.0,169.21,1,1,0,GPS,,0,0.9,1,0,0,0,1,1,0,velocity_pid,px4,2.975,0.387,-0.019,1,23.726,0.89,-6.722,2.29,1.388,38.43,0.0596,68
21:41:36,MOVE,25.742,-0.61,-8.113,31.0,0.0,-8.0,,sensor_only,1,5.537,10.97,25.134,6.029,31.0,0.0,-8.0,3,1,1,1,0,-3.42,-2.94,9.6,2.941,0.77,-0.018,NOMINAL,0.9491,1.0,169.16,1,1,0,GPS,,0,0.151,1,0,0,0,1,1,0,velocity_pid,px4,2.979,0.354,-0.017,1,23.961,0.97,-6.722,2.302,1.389,38.66,0.0595,68
21:41:36,MOVE,25.95,-0.563,-8.114,31.0,0.0,-8.0,,sensor_only,1,5.304,9.865,25.134,6.02,31.0,0.0,-8.0,3,1,1,1,0,-3.28,-2.88,9.1,2.956,0.725,-0.016,NOMINAL,0.9488,1.0,169.1,1,1,0,GPS,,0,0.151,1,0,0,0,1,1,0,velocity_pid,px4,2.982,0.33,-0.015,1,24.271,1.072,-6.741,2.305,1.372,38.95,0.0592,26
21:41:36,MOVE,26.23,-0.506,-8.116,31.0,0.0,-8.0,,sensor_only,1,5.073,9.328,25.134,6.023,31.0,0.0,-8.0,3,1,1,1,0,-3.1,-2.82,8.38,2.974,0.667,-0.014,NOMINAL,0.9485,1.0,169.04,1,1,0,GPS,,0,0.151,1,0,0,0,1,1,0,velocity_pid,px4,2.985,0.3,-0.014,1,24.506,1.141,-6.746,2.305,1.369,39.16,0.0589,26
21:41:36,MOVE,26.463,-0.461,-8.117,31.0,0.0,-8.0,,sensor_only,1,4.866,9.02,25.134,6.039,31.0,0.0,-8.0,3,1,1,1,0,-2.93,-2.77,7.8,2.987,0.621,-0.012,NOMINAL,0.9483,1.0,168.99,1,1,0,GPS,,0,0.152,1,0,0,0,1,1,0,velocity_pid,px4,2.987,0.277,-0.012,1,24.813,1.226,-6.752,2.284,1.365,39.4,0.058,26
21:41:36,MOVE,26.697,-0.419,-8.118,31.0,0.0,-8.0,,sensor_only,1,4.612,8.755,25.134,6.067,31.0,0.0,-8.0,3,1,1,1,0,-2.77,-2.73,7.23,2.999,0.578,-0.01,NOMINAL,0.948,1.0,168.93,1,1,0,GPS,,0,0.151,1,0,0,0,1,1,0,velocity_pid,px4,2.937,0.256,-0.011,1,25.069,1.291,-6.756,2.298,1.362,39.66,0.058,26
21:41:36,MOVE,26.932,-0.38,-8.119,31.0,0.0,-8.0,,sensor_only,1,4.338,8.138,25.134,6.105,31.0,0.0,-8.0,3,1,1,1,0,-2.61,-2.61,6.7,3.009,0.538,-0.008,NOMINAL,0.9478,1.0,168.88,1,1,0,GPS,,0,0.9,1,0,0,0,1,1,0,velocity_pid,px4,2.755,0.235,-0.011,1,25.394,1.341,-6.771,2.258,1.348,39.92,0.0566,30
21:41:36,MOVE,27.214,-0.336,-8.119,31.0,0.0,-8.0,,sensor_only,1,4.155,7.784,25.134,6.166,31.0,0.0,-8.0,3,1,1,1,0,-2.37,-1.85,6.09,3.015,0.494,-0.006,NOMINAL,0.9476,1.0,168.83,1,1,0,GPS,,0,0.152,1,0,0,0,1,1,0,velocity_pid,px4,2.536,0.211,-0.01,1,25.663,1.381,-6.773,2.238,1.346,40.16,0.0557,74
21:41:36,MOVE,27.471,-0.298,-8.12,31.0,0.0,-8.0,,sensor_only,1,3.945,7.686,25.134,6.234,31.0,0.0,-8.0,3,1,1,1,0,-2.11,-0.57,5.6,3.004,0.455,-0.006,NOMINAL,0.9473,1.0,168.77,1,1,0,GPS,,0,0.151,1,0,0,0,1,1,0,velocity_pid,px4,2.34,0.192,-0.009,1,25.922,1.423,-6.777,2.227,1.343,40.4,0.0551,74
21:41:36,MOVE,27.726,-0.263,-8.121,31.0,0.0,-8.0,,sensor_only,1,7.314,7.82,25.134,6.313,31.0,0.0,-8.0,3,1,1,1,0,-1.83,1.17,5.15,2.968,0.419,-0.008,NOMINAL,0.947,1.0,168.71,1,1,0,GPS,,0,0.152,1,0,0,0,1,1,0,velocity_pid,px4,2.151,0.173,-0.007,1,26.259,1.472,-6.781,2.211,1.339,40.7,0.0543,74
21:41:36,MOVE,27.975,-0.231,-8.122,31.0,0.0,-8.0,,sensor_only,1,8.38,7.847,25.134,6.402,31.0,0.0,-8.0,3,1,1,1,0,-1.58,2.9,4.77,2.904,0.385,-0.009,NOMINAL,0.9468,1.0,168.66,1,1,0,GPS,,0,0.152,1,0,0,0,1,1,0,velocity_pid,px4,1.974,0.157,-0.005,1,26.531,1.527,-6.842,2.206,1.279,40.94,0.0539,27
21:41:37,MOVE,28.196,-0.205,-8.124,31.0,0.0,-8.0,,sensor_only,1,8.642,7.847,25.134,6.489,31.0,0.0,-8.0,3,1,1,1,0,-1.41,4.09,4.52,2.825,0.356,-0.009,NOMINAL,0.9466,1.0,168.61,1,1,0,GPS,,0,0.151,1,0,0,0,1,1,0,velocity_pid,px4,1.823,0.143,-0.004,1,26.789,1.566,-6.866,2.195,1.257,41.16,0.0533,27
21:41:37,MOVE,28.429,-0.177,-8.125,31.0,0.0,-8.0,,sensor_only,1,8.564,7.847,25.134,6.588,31.0,0.0,-8.0,3,1,1,1,0,-1.25,5.12,4.31,2.721,0.326,-0.008,NOMINAL,0.9463,1.0,168.55,1,1,0,GPS,,0,0.152,1,0,0,0,1,1,0,velocity_pid,px4,1.668,0.129,-0.002,1,27.131,1.617,-6.919,2.164,1.206,41.42,0.0522,29
21:41:37,MOVE,28.691,-0.147,-8.127,31.0,0.0,-8.0,,sensor_only,1,8.37,7.847,25.134,6.708,31.0,0.0,-8.0,3,1,1,1,0,-1.1,5.82,4.15,2.582,0.293,-0.005,NOMINAL,0.946,1.0,168.49,1,1,0,GPS,,0,0.152,1,0,0,0,1,1,0,velocity_pid,px4,1.497,0.113,-0.0,1,27.404,1.656,-6.954,2.16,1.172,41.67,0.0518,29
21:41:37,MOVE,28.882,-0.126,-8.129,31.0,0.0,-8.0,,sensor_only,1,8.193,7.847,25.134,6.801,31.0,0.0,-8.0,3,1,1,1,0,-0.99,6.21,4.06,2.469,0.271,-0.003,NOMINAL,0.9458,1.0,168.44,1,1,0,GPS,,0,0.151,1,0,0,0,1,1,0,velocity_pid,px4,1.377,0.102,0.001,1,27.633,1.688,-6.985,2.151,1.143,41.87,0.0514,29
21:41:37,MOVE,29.08,-0.104,-8.13,31.0,0.0,-8.0,,sensor_only,1,8.0,7.847,25.134,6.902,31.0,0.0,-8.0,3,1,1,1,0,-0.89,6.64,3.97,2.338,0.247,-0.001,NOMINAL,0.9455,1.0,168.38,1,1,0,GPS,,0,0.152,1,0,0,0,1,1,0,velocity_pid,px4,1.255,0.091,0.002,1,27.874,1.722,-7.018,2.141,1.111,42.08,0.0509,29
21:41:37,MOVE,29.25,-0.085,-8.13,31.0,0.0,-8.0,,sensor_only,1,7.778,7.847,25.134,6.992,31.0,0.0,-8.0,3,1,1,1,0,-0.82,6.84,3.9,2.216,0.227,0.001,NOMINAL,0.9453,1.0,168.33,1,1,0,GPS,,0,0.151,1,0,0,0,1,1,0,velocity_pid,px4,1.153,0.081,0.003,1,28.076,1.75,-7.047,2.136,1.083,42.25,0.0506,29
21:41:37,MOVE,29.441,-0.065,-8.13,31.0,0.0,-8.0,,sensor_only,1,7.561,7.847,25.134,7.059,31.0,0.0,-8.0,3,1,1,1,0,-0.76,6.94,3.8,2.067,0.204,0.004,NOMINAL,0.945,1.0,168.28,1,1,0,GPS,,0,0.151,1,0,0,0,1,1,0,velocity_pid,px4,1.041,0.071,0.003,0,28.303,1.782,-7.081,2.131,1.049,42.45,0.0502,29
21:41:37,MOVE,29.602,-0.047,-8.129,31.0,0.0,-8.0,,sensor_only,1,7.345,7.847,25.134,6.898,31.0,0.0,-8.0,3,1,1,1,0,-0.71,6.8,3.7,1.931,0.184,0.006,NOMINAL,0.9448,1.0,168.22,1,1,0,GPS,,0,0.152,1,0,0,0,1,1,0,velocity_pid,px4,0.949,0.062,0.001,0,28.457,1.804,-7.106,2.135,1.024,42.61,0.0501,29
21:41:37,MOVE,29.764,-0.029,-8.127,31.0,0.0,-8.0,,sensor_only,1,7.163,7.847,25.134,6.736,31.0,0.0,-8.0,3,1,1,1,0,-0.66,6.67,3.53,1.786,0.165,0.007,NOMINAL,0.9445,1.0,168.16,1,1,0,GPS,,0,0.152,1,0,0,0,1,1,0,velocity_pid,px4,0.858,0.052,-0.001,1,28.785,1.823,-7.038,2.067,1.09,42.79,0.0483,35
21:41:37,MOVE,29.888,-0.015,-8.125,31.0,0.0,-8.0,,sensor_only,1,7.012,7.847,25.134,6.612,31.0,0.0,-8.0,3,1,1,1,0,-0.63,6.48,3.33,1.669,0.15,0.006,NOMINAL,0.9443,1.0,168.11,1,1,0,GPS,,0,0.151,1,0,0,0,1,1,0,velocity_pid,px4,0.79,0.045,-0.002,1,28.944,1.841,-7.039,2.058,1.088,42.92,0.048,43
21:41:38,MOVE,30.015,-0.0,-8.123,31.0,0.0,-8.0,,sensor_only,1,6.839,7.847,25.134,6.485,31.0,0.0,-8.0,3,1,1,1,0,-0.63,6.25,3.06,1.544,0.136,0.006,NOMINAL,0.944,1.0,168.05,1,1,0,GPS,,0,0.152,1,0,0,0,1,1,0,velocity_pid,px4,0.722,0.036,-0.003,1,29.115,1.861,-7.044,2.046,1.08,43.06,0.0475,43
21:41:38,MOVE,30.132,0.014,-8.121,31.0,0.0,-8.0,,sensor_only,1,6.671,7.847,25.134,6.368,31.0,0.0,-8.0,3,1,1,1,0,-0.63,5.93,2.72,1.424,0.122,0.005,NOMINAL,0.9438,1.0,168.0,1,1,0,GPS,,0,0.152,1,0,0,0,1,1,0,velocity_pid,px4,0.66,0.029,-0.005,1,29.292,1.88,-7.039,2.034,1.083,43.2,0.0471,27
21:41:38,MOVE,30.239,0.026,-8.119,31.0,0.0,-8.0,,sensor_only,1,6.542,7.847,25.134,6.261,31.0,0.0,-8.0,3,1,1,1,0,-0.65,5.61,2.33,1.312,0.108,0.004,NOMINAL,0.9435,1.0,167.94,1,1,0,GPS,,0,0.151,1,0,0,0,1,1,0,velocity_pid,px4,0.603,0.022,-0.007,1,29.429,1.892,-7.04,2.016,1.08,43.28,0.0466,36
21:41:38,MOVE,30.339,0.038,-8.117,31.0,0.0,-8.0,,sensor_only,1,6.411,7.847,25.134,6.161,31.0,0.0,-8.0,3,1,1,1,0,-0.68,5.3,1.83,1.207,0.096,0.002,NOMINAL,0.9433,1.0,167.89,1,1,0,GPS,,0,0.152,1,0,0,0,1,1,0,velocity_pid,px4,0.551,0.016,-0.008,1,29.567,1.906,-7.041,2.01,1.077,43.41,0.0463,36
21:41:38,MOVE,30.433,0.048,-8.116,34.0,-5.0,-8.0,,sensor_only,1,6.285,7.847,25.134,6.067,34.0,-5.0,-8.0,4,1,1,1,0,-0.72,4.99,1.21,1.11,0.084,-0.0,NOMINAL,0.9431,1.0,167.84,1,1,0,GPS,,0,0.9,1,0,0,0,1,1,0,velocity_pid,px4,2.088,-2.154,-0.008,1,29.696,1.918,-7.039,1.999,1.078,43.5,0.046,32
21:41:38,MOVE,30.512,0.058,-8.115,34.0,-5.0,-8.0,,sensor_only,1,6.147,7.847,25.134,5.988,34.0,-5.0,-8.0,4,1,1,1,0,-2.92,2.07,0.61,1.021,0.083,0.038,NOMINAL,0.9428,1.0,167.78,1,1,0,GPS,,0,0.151,1,0,0,0,1,1,0,velocity_pid,px4,2.075,-2.167,-0.016,1,29.811,1.929,-7.038,1.992,1.078,43.59,0.0457,32
21:41:38,MOVE,30.613,0.066,-8.108,34.0,-5.0,-8.0,,sensor_only,1,6.035,5.737,25.134,5.887,34.0,-5.0,-8.0,4,1,1,1,0,-11.97,-7.82,-0.05,1.058,-0.029,0.114,NOMINAL,0.9425,1.0,167.72,1,1,0,GPS,,0,0.151,1,0,0,0,1,1,0,velocity_pid,px4,2.043,-2.197,-0.038,1,29.925,1.94,-7.033,1.984,1.079,43.69,0.0454,32
21:41:38,MOVE,30.719,0.057,-8.088,34.0,-5.0,-8.0,,sensor_only,1,5.968,12.948,25.134,5.781,34.0,-5.0,-8.0,4,1,1,1,0,-17.51,-11.96,-2.56,1.197,-0.248,0.283,NOMINAL,0.9423,1.0,167.67,1,1,0,GPS,,0,0.151,1,0,0,0,1,1,0,velocity_pid,px4,1.998,-2.238,-0.092,1,30.039,1.94,-7.021,1.976,1.08,43.78,0.0451,32
21:41:38,MOVE,30.858,0.014,-8.048,34.0,-5.0,-8.0,,sensor_only,1,5.872,11.137,25.134,5.642,34.0,-5.0,-8.0,4,1,1,1,0,-17.7,-11.85,-7.83,1.356,-0.557,0.418,NOMINAL,0.942,1.0,167.62,1,1,0,GPS,,0,0.151,1,0,0,0,1,1,0,velocity_pid,px4,1.935,-2.292,-0.159,1,30.181,1.917,-6.991,1.969,1.081,43.9,0.0449,32
21:41:38,MOVE,30.968,-0.038,-8.013,34.0,-5.0,-8.0,,sensor_only,1,5.756,4.503,25.134,5.532,34.0,-5.0,-8.0,4,1,1,1,0,-16.0,-11.32,-12.9,1.449,-0.781,0.46,NOMINAL,0.9418,1.0,167.56,1,1,0,GPS,,0,0.9,1,0,0,0,1,1,0,velocity_pid,px4,1.887,-2.332,-0.202,0,30.323,1.871,-6.952,1.976,1.077,44.05,0.0448,32
21:41:39,MOVE,31.14,-0.146,-7.958,34.0,-5.0,-8.0,,sensor_only,1,5.599,2.084,12.788,5.36,34.0,-5.0,-8.0,4,1,1,1,0,-13.05,-10.99,-20.84,1.557,-1.078,0.507,NOMINAL,0.9416,1.0,167.51,1,1,0,GPS,,0,0.9,1,0,0,0,1,1,0,velocity_pid,px4,1.809,-2.393,-0.266,0,30.489,1.793,-6.904,1.981,1.076,44.24,0.0448,32
21:41:39,MOVE,31.297,-0.263,-7.908,34.0,-5.0,-8.0,,sensor_only,1,5.435,1.167,8.116,5.203,34.0,-5.0,-8.0,4,1,1,1,0,-10.63,-10.85,-28.44,1.634,-1.309,0.51,NOMINAL,0.9413,1.0,167.45,1,1,0,GPS,,0,0.151,1,0,0,0,1,1,0,velocity_pid,px4,1.736,-2.446,-0.317,1,30.463,1.662,-6.898,2.002,1.037,44.41,0.0451,28
21:41:39,MOVE,31.445,-0.389,-7.867,34.0,-5.0,-8.0,,sensor_only,1,2.347,9.977,6.25,5.055,34.0,-5.0,-8.0,4,1,1,1,0,-8.88,-10.51,-35.74,1.694,-1.525,0.416,NOMINAL,0.941,1.0,167.39,1,1,0,GPS,,0,0.9,1,0,0,0,1,1,0,velocity_pid,px4,1.665,-2.496,-0.34,1,30.597,1.523,-6.857,2.02,1.025,44.64,0.0452,32
21:41:39,MOVE,31.643,-0.578,-7.832,34.0,-5.0,-8.0,,sensor_only,1,1.229,18.46,5.489,4.857,34.0,-5.0,-8.0,4,1,1,1,0,-6.96,-9.38,-44.73,1.745,-1.795,0.204,NOMINAL,0.9408,1.0,167.34,0,1,0,GPS,GPS_RESTORED,0,0.152,1,0,0,0,1,1,0,velocity_pid,px4,1.565,-2.56,-0.333,1,30.707,1.394,-6.835,2.062,1.01,44.87,0.046,41
21:41:39,MOVE,31.797,-0.741,-7.821,34.0,-5.0,-8.0,,sensor_only,1,0.828,11.319,5.13,4.703,34.0,-5.0,-8.0,4,1,1,1,0,-5.58,-8.06,-51.33,1.758,-1.957,0.104,NOMINAL,0.9405,1.0,167.28,0,1,0,GPS,,0,0.151,1,0,0,0,1,1,0,velocity_pid,px4,1.542,-2.573,-0.325,1,30.83,1.235,-6.824,2.05,1.003,45.07,0.0455,41
21:41:39,MOVE,31.965,-0.932,-7.816,34.0,-5.0,-8.0,,sensor_only,1,0.695,7.036,4.891,4.535,34.0,-5.0,-8.0,4,1,1,1,0,-4.72,-6.86,-57.57,1.75,-2.094,0.047,NOMINAL,0.9403,1.0,167.23,0,1,0,GPS,,0,0.152,1,0,0,0,1,1,0,velocity_pid,px4,1.528,-2.582,-0.318,1,30.957,1.053,-6.824,2.114,0.994,45.36,0.0466,41
21:41:39,MOVE,32.127,-1.132,-7.816,34.0,-5.0,-8.0,,sensor_only,1,0.64,2.92,4.702,4.373,34.0,-5.0,-8.0,4,1,1,1,0,-4.17,-6.17,-62.78,1.725,-2.205,0.025,NOMINAL,0.94,1.0,167.17,0,1,0,GPS,,0,0.9,1,0,0,0,1,1,0,velocity_pid,px4,1.464,-2.498,-0.315,1,30.839,0.833,-6.649,2.21,1.167,45.6,0.0485,15
21:41:39,MOVE,32.297,-1.357,-7.816,34.0,-5.0,-8.0,,sensor_only,1,0.647,1.438,4.565,4.203,34.0,-5.0,-8.0,4,1,1,1,0,-3.66,-5.57,-66.64,1.69,-2.305,0.029,NOMINAL,0.9398,1.0,167.12,0,1,0,GPS,,0,0.152,1,0,0,0,1,1,0,velocity_pid,px4,1.341,-2.3,-0.316,1,30.893,0.65,-6.615,2.285,1.202,45.85,0.0498,15
21:41:39,MOVE,32.406,-1.51,-7.815,34.0,-5.0,-8.0,,sensor_only,1,0.69,0.905,4.43,4.094,34.0,-5.0,-8.0,4,1,1,1,0,-3.31,-4.75,-68.67,1.663,-2.361,0.038,NOMINAL,0.9396,1.0,167.07,0,1,0,GPS,,0,0.9,1,0,0,0,1,1,0,velocity_pid,px4,1.263,-2.17,-0.32,1,30.955,0.412,-6.572,2.362,1.244,46.16,0.0512,15
21:41:39,MOVE,32.577,-1.763,-7.812,34.0,-5.0,-8.0,,sensor_only,1,0.888,0.799,4.281,3.923,34.0,-5.0,-8.0,4,1,1,1,0,-2.96,-2.5,-70.49,1.609,-2.42,0.022,NOMINAL,0.9393,1.0,167.01,0,1,0,GPS,,0,0.152,1,0,0,0,1,1,0,velocity_pid,px4,1.142,-1.96,-0.32,1,31.154,0.271,-6.418,2.366,1.395,46.39,0.051,29
21:41:40,MOVE,32.715,-1.977,-7.812,34.0,-5.0,-8.0,,sensor_only,1,2.024,0.861,4.124,3.785,34.0,-5.0,-8.0,4,1,1,1,0,-2.67,-0.44,-71.04,1.554,-2.433,-0.03,NOMINAL,0.9391,1.0,166.96,0,1,0,GPS,,0,0.151,1,0,0,0,1,1,0,velocity_pid,px4,1.049,-1.792,-0.311,1,31.28,0.153,-6.339,2.43,1.472,46.63,0.0521,42
21:41:40,MOVE,32.834,-2.168,-7.817,34.0,-5.0,-8.0,,sensor_only,1,2.744,0.958,4.012,3.666,34.0,-5.0,-8.0,4,1,1,1,0,-2.47,1.36,-70.83,1.495,-2.414,-0.118,NOMINAL,0.9388,1.0,166.9,0,1,0,GPS,,0,0.9,1,0,0,0,1,1,0,velocity_pid,px4,0.97,-1.649,-0.288,1,31.391,-0.03,-6.262,2.468,1.552,46.88,0.0526,42
21:41:40,MOVE,32.957,-2.372,-7.835,34.0,-5.0,-8.0,,sensor_only,1,2.912,1.075,3.882,3.543,34.0,-5.0,-8.0,4,1,1,1,0,-2.23,3.06,-69.99,1.421,-2.359,-0.261,NOMINAL,0.9385,1.0,166.84,0,1,0,GPS,,0,0.151,1,0,0,0,1,1,0,velocity_pid,px4,0.892,-1.505,-0.242,1,31.49,-0.203,-6.196,2.512,1.629,47.12,0.0533,42
21:41:40,MOVE,33.082,-2.584,-7.869,34.0,-5.0,-8.0,,sensor_only,1,3.747,1.223,3.746,3.419,34.0,-5.0,-8.0,4,1,1,1,0,-1.98,4.28,-68.76,1.339,-2.274,-0.364,NOMINAL,0.9383,1.0,166.79,0,1,0,GPS,,0,0.151,1,0,0,0,1,1,0,velocity_pid,px4,0.815,-1.362,-0.187,1,31.575,-0.356,-6.147,2.548,1.7,47.34,0.0538,42
21:41:40,MOVE,33.18,-2.751,-7.903,34.0,-5.0,-8.0,,sensor_only,1,4.455,1.376,3.613,3.33,34.0,-5.0,-8.0,4,1,1,1,0,-1.72,5.1,-67.58,1.273,-2.192,-0.377,NOMINAL,0.938,1.0,166.73,0,1,0,GPS,,0,0.9,1,0,0,0,1,1,0,velocity_pid,px4,0.755,-1.253,-0.151,1,31.673,-0.541,-6.095,2.599,1.795,47.6,0.0546,42
21:41:40,MOVE,33.29,-2.941,-7.943,34.0,-5.0,-8.0,,sensor_only,1,4.455,1.514,3.495,3.241,34.0,-5.0,-8.0,4,1,1,1,0,-1.43,5.89,-66.21,1.195,-2.083,-0.352,NOMINAL,0.9378,1.0,166.68,0,1,0,GPS,,0,0.9,1,0,0,0,1,1,0,velocity_pid,px4,0.688,-1.133,-0.116,0,31.746,-0.682,-6.054,2.628,1.87,47.79,0.055,42
21:41:40,MOVE,33.383,-3.103,-7.976,34.0,-5.0,-8.0,,sensor_only,1,4.455,1.631,3.402,3.174,34.0,-5.0,-8.0,4,1,1,1,0,-1.2,6.24,-65.27,1.125,-1.976,-0.317,NOMINAL,0.9376,1.0,166.63,0,1,0,GPS,,0,0.151,1,0,0,0,1,1,0,velocity_pid,px4,0.632,-1.033,-0.09,0,31.824,-0.836,-6.004,2.651,1.955,47.99,0.0553,42
21:41:40,MOVE,33.486,-3.281,-8.01,34.0,-5.0,-8.0,,sensor_only,1,4.455,1.763,3.316,3.114,34.0,-5.0,-8.0,4,1,1,1,0,-1.02,6.42,-64.62,1.043,-1.845,-0.273,NOMINAL,0.9373,1.0,166.57,0,1,0,GPS,,0,0.152,1,0,0,0,1,1,0,velocity_pid,px4,0.571,-0.927,-0.065,0,31.901,-0.994,-5.945,2.691,2.05,48.2,0.0558,42
21:41:40,MOVE,33.559,-3.408,-8.033,34.0,-5.0,-8.0,,sensor_only,1,4.455,1.895,3.23,3.078,34.0,-5.0,-8.0,4,1,1,1,0,-0.92,6.36,-64.49,0.981,-1.744,-0.242,NOMINAL,0.9371,1.0,166.52,0,1,0,GPS,,0,0.152,1,0,0,0,1,1,0,velocity_pid,px4,0.529,-0.854,-0.049,0,31.957,-1.112,-5.895,2.714,2.125,48.36,0.0561,42
21:41:40,MOVE,33.64,-3.549,-8.056,34.0,-5.0,-8.0,,sensor_only,1,4.455,2.019,3.159,3.046,34.0,-5.0,-8.0,4,1,1,1,0,-0.89,6.27,-64.83,0.909,-1.623,-0.208,NOMINAL,0.9368,1.0,166.46,0,1,0,GPS,,0,0.152,1,0,0,0,1,1,0,velocity_pid,px4,0.483,-0.774,-0.032,0,32.021,-1.25,-5.828,2.733,2.217,48.53,0.0563,42
21:41:41,MOVE,33.702,-3.658,-8.073,34.0,-5.0,-8.0,,sensor_only,1,4.455,2.125,3.107,3.028,34.0,-5.0,-8.0,4,1,1,1,0,-0.92,6.09,-65.5,0.85,-1.524,-0.182,NOMINAL,0.9366,1.0,166.41,0,1,0,GPS,,0,0.151,1,0,0,0,1,1,0,velocity_pid,px4,0.448,-0.714,-0.02,0,32.071,-1.363,-5.766,2.755,2.299,48.67,0.0566,42
21:41:41,MOVE,33.777,-3.79,-8.091,34.0,-5.0,-8.0,,sensor_only,1,4.455,2.19,3.078,3.013,34.0,-5.0,-8.0,4,1,1,1,0,-1.01,5.81,-66.79,0.777,-1.401,-0.152,NOMINAL,0.9363,1.0,166.35,0,1,0,GPS,,0,0.151,1,0,0,0,1,1,0,velocity_pid,px4,0.407,-0.642,-0.008,1,32.206,-1.271,-6.02,2.889,2.062,48.81,0.0592,21
21:41:41,MOVE,33.841,-3.9,-8.105,34.0,-5.0,-8.0,,sensor_only,1,4.455,2.264,3.042,3.005,34.0,-5.0,-8.0,4,1,1,1,0,-1.13,5.44,-68.52,0.713,-1.293,-0.128,NOMINAL,0.9361,1.0,166.3,0,1,0,GPS,,0,0.151,1,0,0,0,1,1,0,velocity_pid,px4,0.373,-0.583,0.002,1,32.269,-1.349,-6.0,2.934,2.099,48.95,0.0599,21
21:41:41,MOVE,33.889,-3.985,-8.116,34.0,-5.0,-8.0,,sensor_only,1,4.455,2.312,3.342,3.003,34.0,-5.0,-8.0,4,1,1,1,0,-1.23,5.13,-70.16,0.662,-1.207,-0.112,NOMINAL,0.9358,1.0,166.24,0,1,0,GPS,,0,0.152,1,0,0,0,1,1,0,velocity_pid,px4,0.347,-0.539,0.009,1,32.313,-1.402,-5.982,2.968,2.128,49.06,0.0605,21
21:41:41,MOVE,33.948,-4.087,-8.127,34.0,-5.0,-8.0,,sensor_only,1,4.455,2.356,3.92,3.005,34.0,-5.0,-8.0,4,1,1,1,0,-1.37,4.8,-72.49,0.601,-1.103,-0.091,NOMINAL,0.9355,1.0,166.18,0,1,0,GPS,,0,0.152,1,0,0,0,1,1,0,velocity_pid,px4,0.315,-0.485,0.017,1,32.363,-1.46,-5.958,3.015,2.164,49.18,0.0613,21
21:41:41,MOVE,33.999,-4.174,-8.136,34.0,-5.0,-8.0,,sensor_only,1,4.455,2.39,4.75,3.01,34.0,-5.0,-8.0,4,1,1,1,0,-1.5,4.42,-75.06,0.548,-1.014,-0.076,NOMINAL,0.9353,1.0,166.13,0,1,0,GPS,,0,0.152,1,0,0,0,1,1,0,velocity_pid,px4,0.288,-0.439,0.023,1,32.408,-1.51,-5.932,3.054,2.2,49.28,0.062,21
21:41:41,MOVE,34.038,-4.241,-8.142,34.0,-5.0,-8.0,,sensor_only,1,4.455,2.419,4.75,3.016,34.0,-5.0,-8.0,4,1,1,1,0,-1.59,4.1,-77.26,0.506,-0.944,-0.064,NOMINAL,0.935,1.0,166.07,0,1,0,GPS,,0,0.151,1,0,0,0,1,1,0,velocity_pid,px4,0.267,-0.404,0.028,0,32.447,-1.552,-5.904,3.102,2.236,49.39,0.0628,21
21:41:41,MOVE,34.084,-4.323,-8.149,34.0,-5.0,-8.0,,sensor_only,1,4.455,2.441,4.75,3.026,34.0,-5.0,-8.0,4,1,1,1,0,-1.7,3.78,-80.17,0.456,-0.86,-0.051,NOMINAL,0.9348,1.0,166.02,0,1,0,GPS,,0,0.151,1,0,0,0,1,1,0,velocity_pid,px4,0.242,-0.361,0.032,0,32.474,-1.579,-5.882,3.132,2.264,49.46,0.0633,21
21:41:41,MOVE,34.123,-4.392,-8.153,34.0,-5.0,-8.0,,sensor_only,1,4.455,2.463,4.75,3.038,34.0,-5.0,-8.0,4,1,1,1,0,-1.78,3.43,-83.27,0.412,-0.788,-0.042,NOMINAL,0.9346,1.0,165.97,0,1,0,GPS,,0,0.151,1,0,0,0,1,1,0,velocity_pid,px4,0.222,-0.325,0.035,0,32.505,-1.609,-5.851,3.18,2.3,49.55,0.0642,21
21:41:41,MOVE,34.158,-4.457,-8.157,42.0,-5.0,-8.0,,sensor_only,1,4.455,2.491,4.75,3.052,42.0,-5.0,-8.0,5,1,1,1,0,-1.83,3.13,-86.31,0.372,-0.722,-0.034,NOMINAL,0.9343,1.0,165.91,0,1,0,GPS,,0,0.151,1,0,0,0,1,1,0,velocity_pid,px4,2.986,-0.289,0.037,0,32.532,-1.634,-5.818,3.228,2.337,49.63,0.065,21
21:41:42,MOVE,34.188,-4.517,-8.158,42.0,-5.0,-8.0,,sensor_only,1,4.455,2.51,4.75,3.068,42.0,-5.0,-8.0,5,1,1,1,0,1.78,0.97,-89.71,0.325,-0.659,-0.002,NOMINAL,0.934,1.0,165.85,0,1,0,GPS,,0,0.151,1,0,0,0,1,1,0,velocity_pid,px4,2.989,-0.259,0.033,0,32.554,-1.651,-5.787,3.273,2.371,49.7,0.0658,21
21:41:42,MOVE,34.217,-4.57,-8.154,42.0,-5.0,-8.0,,sensor_only,1,4.455,2.527,6.566,3.082,42.0,-5.0,-8.0,5,1,1,1,0,13.01,-2.43,-92.13,0.406,-0.667,0.083,NOMINAL,0.9338,1.0,165.8,0,1,0,GPS,,0,0.152,1,0,0,0,1,1,0,velocity_pid,px4,2.992,-0.215,0.013,0,32.57,-1.662,-5.756,3.309,2.401,49.75,0.0665,21
21:41:42,MOVE,34.272,-4.639,-8.135,42.0,-5.0,-8.0,,sensor_only,1,4.455,2.599,3.678,3.089,42.0,-5.0,-8.0,5,1,1,1,0,22.28,-0.8,-92.33,0.682,-0.709,0.26,NOMINAL,0.9336,1.0,165.75,0,1,0,GPS,,0,0.152,1,0,0,0,1,1,0,velocity_pid,px4,2.996,-0.151,-0.042,0,32.599,-1.677,-5.71,3.359,2.437,49.83,0.0674,21
21:41:42,MOVE,34.361,-4.709,-8.098,42.0,-5.0,-8.0,,sensor_only,1,4.455,2.755,2.005,3.075,42.0,-5.0,-8.0,5,1,1,1,0,24.09,2.86,-89.73,1.042,-0.696,0.399,NOMINAL,0.9333,1.0,165.69,0,1,0,GPS,,0,0.152,1,0,0,0,1,1,0,velocity_pid,px4,2.998,-0.099,-0.106,0,32.656,-1.696,-5.646,3.406,2.472,49.93,0.0682,21
21:41:42,MOVE,34.468,-4.764,-8.059,42.0,-5.0,-8.0,,sensor_only,1,4.455,2.912,1.313,3.042,42.0,-5.0,-8.0,5,1,1,1,0,21.84,4.46,-87.03,1.355,-0.631,0.454,NOMINAL,0.9331,1.0,165.64,0,1,0,GPS,,0,0.151,1,0,0,0,1,1,0,velocity_pid,px4,2.999,-0.072,-0.156,0,32.75,-1.714,-5.57,3.469,2.501,50.08,0.0693,21
21:41:42,MOVE,34.65,-4.826,-8.003,42.0,-5.0,-8.0,,sensor_only,1,4.455,3.022,1.075,2.972,42.0,-5.0,-8.0,5,1,1,1,0,17.87,4.13,-83.28,1.703,-0.516,0.495,NOMINAL,0.9328,1.0,165.58,0,1,0,GPS,,0,0.151,1,0,0,0,1,1,0,velocity_pid,px4,3.0,-0.051,-0.22,0,32.846,-1.722,-5.507,3.512,2.526,50.21,0.0699,21
21:41:42,MOVE,34.833,-4.868,-7.953,42.0,-5.0,-8.0,,sensor_only,1,4.455,3.139,1.028,2.896,42.0,-5.0,-8.0,5,1,1,1,0,14.51,2.36,-79.0,1.929,-0.428,0.536,NOMINAL,0.9325,1.0,165.52,0,1,0,GPS,,0,0.151,1,0,0,0,1,1,0,velocity_pid,px4,3.0,-0.04,-0.279,0,33.004,-1.722,-5.418,3.581,2.558,50.43,0.071,21
21:41:42,MOVE,35.034,-4.902,-7.9,42.0,-5.0,-8.0,,sensor_only,1,4.455,3.255,1.024,2.815,42.0,-5.0,-8.0,5,1,1,1,0,12.28,0.35,-73.78,2.11,-0.363,0.583,NOMINAL,0.9323,1.0,165.47,0,1,0,GPS,,0,0.9,1,0,0,0,1,1,0,velocity_pid,px4,3.0,-0.029,-0.342,1,31.577,-1.633,-6.443,4.68,1.481,50.63,0.0924,19
21:41:42,MOVE,35.268,-4.934,-7.837,42.0,-5.0,-8.0,,sensor_only,1,4.455,3.475,0.971,2.728,42.0,-5.0,-8.0,5,1,1,1,0,10.82,-1.44,-67.06,2.279,-0.311,0.631,NOMINAL,0.9321,1.0,165.42,0,1,0,GPS,,0,0.152,1,0,0,0,1,1,0,velocity_pid,px4,3.0,-0.016,-0.414,1,31.58,-1.613,-6.47,4.849,1.404,50.83,0.0954,19
21:41:42,MOVE,35.495,-4.96,-7.776,42.0,-5.0,-8.0,,sensor_only,1,4.455,3.767,0.827,2.658,42.0,-5.0,-8.0,5,1,1,1,0,9.75,-2.72,-59.47,2.419,-0.273,0.667,NOMINAL,0.9318,1.0,165.36,0,1,0,GPS,,0,0.151,1,0,0,0,1,1,0,velocity_pid,px4,3.0,-0.005,-0.483,1,31.597,-1.584,-6.501,5.071,1.304,51.1,0.0992,19
21:41:43,MOVE,35.73,-4.984,-7.712,42.0,-5.0,-8.0,,sensor_only,1,4.455,4.258,2.33,2.6,42.0,-5.0,-8.0,5,1,1,1,0,8.56,-3.69,-50.4,2.547,-0.237,0.693,NOMINAL,0.9315,1.0,165.3,0,1,0,GPS,,0,0.152,1,0,0,0,1,1,0,velocity_pid,px4,3.0,0.004,-0.553,1,31.621,-1.557,-6.522,5.243,1.225,51.32,0.1022,22
21:41:43,MOVE,35.952,-5.003,-7.653,42.0,-5.0,-8.0,,sensor_only,1,4.455,4.258,3.345,2.562,42.0,-5.0,-8.0,5,1,1,1,0,7.34,-4.33,-41.64,2.652,-0.203,0.706,NOMINAL,0.9313,1.0,165.25,0,1,0,GPS,,0,0.151,1,0,0,0,1,1,0,velocity_pid,px4,3.0,0.012,-0.616,1,31.658,-1.523,-6.544,5.434,1.139,51.57,0.1054,22
21:41:43,MOVE,36.202,-5.022,-7.592,42.0,-5.0,-8.0,,sensor_only,1,4.455,4.258,3.366,2.539,42.0,-5.0,-8.0,5,1,1,1,0,5.93,-4.81,-31.47,2.767,-0.161,0.6,NOMINAL,0.931,1.0,165.19,0,1,0,GPS,,0,0.151,1,0,0,0,1,1,0,velocity_pid,px4,3.0,0.016,-0.657,0,31.703,-1.488,-6.565,5.626,1.054,51.83,0.1086,22
21:41:43,MOVE,36.507,-5.039,-7.542,42.0,-5.0,-8.0,,sensor_only,1,4.455,4.258,3.16,2.539,42.0,-5.0,-8.0,5,1,1,1,0,4.15,-4.77,-20.13,2.888,-0.108,0.392,NOMINAL,0.9308,1.0,165.14,0,1,0,GPS,,0,0.151,1,0,0,0,1,1,0,velocity_pid,px4,3.0,0.017,-0.667,0,31.76,-1.446,-6.599,5.837,0.963,52.11,0.112,22
21:41:43,MOVE,36.747,-5.049,-7.516,42.0,-5.0,-8.0,,sensor_only,1,4.455,4.258,2.895,2.549,42.0,-5.0,-8.0,5,1,1,1,0,2.79,-4.22,-11.86,2.947,-0.075,0.339,NOMINAL,0.9305,1.0,165.08,0,1,0,GPS,,0,0.152,1,0,0,0,1,1,0,velocity_pid,px4,3.0,0.017,-0.684,0,31.816,-1.406,-6.641,5.992,0.892,52.33,0.1145,22
21:41:43,MOVE,36.963,-5.057,-7.496,42.0,-5.0,-8.0,,sensor_only,1,4.455,4.258,2.713,2.557,42.0,-5.0,-8.0,5,1,1,1,0,1.89,-3.73,-5.32,2.98,-0.05,0.331,NOMINAL,0.9303,1.0,165.03,0,1,0,GPS,,0,0.9,1,0,0,0,1,1,0,velocity_pid,px4,3.0,0.016,-0.703,0,31.892,-1.352,-6.7,6.22,0.803,52.64,0.1182,22
21:41:43,MOVE,37.252,-5.064,-7.471,42.0,-5.0,-8.0,,sensor_only,1,4.455,4.258,2.621,2.564,42.0,-5.0,-8.0,5,1,1,1,0,1.14,-3.35,2.28,3.007,-0.022,0.322,NOMINAL,0.93,1.0,164.97,0,1,0,GPS,,0,0.152,1,0,0,0,1,1,0,velocity_pid,px4,3.0,0.015,-0.728,0,31.956,-1.307,-6.748,6.394,0.734,52.88,0.1209,27
21:41:43,MOVE,37.516,-5.068,-7.449,42.0,-5.0,-8.0,,sensor_only,1,4.455,4.258,2.57,2.568,42.0,-5.0,-8.0,5,1,1,1,0,0.72,-3.21,7.59,3.024,0.0,0.314,NOMINAL,0.9298,1.0,164.92,0,1,0,GPS,,0,0.151,1,0,0,0,1,1,0,velocity_pid,px4,3.0,0.014,-0.751,0,32.022,-1.259,-6.795,6.567,0.665,53.12,0.1236,51
21:41:43,MOVE,37.754,-5.071,-7.429,42.0,-5.0,-8.0,,sensor_only,1,4.455,4.258,2.551,2.571,42.0,-5.0,-8.0,5,1,1,1,0,0.39,-3.12,11.34,3.034,0.018,0.309,NOMINAL,0.9295,1.0,164.86,0,1,0,GPS,,0,0.152,1,0,0,0,1,1,0,velocity_pid,px4,3.0,0.012,-0.771,0,32.089,-1.21,-6.843,6.738,0.597,53.36,0.1263,51
21:41:43,MOVE,38.015,-5.073,-7.407,42.0,-5.0,-8.0,,sensor_only,1,4.455,4.258,2.539,2.573,42.0,-5.0,-8.0,5,1,1,1,0,0.06,-3.02,14.29,3.041,0.035,0.305,NOMINAL,0.9293,1.0,164.81,0,1,0,GPS,,0,0.151,1,0,0,0,1,1,0,velocity_pid,px4,2.859,0.008,-0.794,1,33.348,-1.216,-6.492,5.963,0.925,53.65,0.1112,55
21:41:44,MOVE,38.322,-5.072,-7.38,42.0,-5.0,-8.0,,sensor_only,1,4.455,4.258,2.539,2.572,42.0,-5.0,-8.0,5,1,1,1,0,-0.16,-2.45,16.24,3.045,0.051,0.313,NOMINAL,0.9291,1.0,164.76,0,1,0,GPS,,0,0.152,1,0,0,0,1,1,0,velocity_pid,px4,2.62,0.004,-0.824,1,33.609,-1.19,-6.407,5.998,0.986,53.93,0.1112,59
21:41:44,MOVE,38.556,-5.07,-7.358,42.0,-5.0,-8.0,,sensor_only,1,4.455,4.258,2.536,2.57,42.0,-5.0,-8.0,5,1,1,1,0,-0.07,-1.31,16.65,3.038,0.059,0.326,NOMINAL,0.9288,1.0,164.7,0,1,0,GPS,,0,0.151,1,0,0,0,1,1,0,velocity_pid,px4,2.441,0.001,-0.851,1,33.86,-1.19,-6.468,5.985,0.904,54.17,0.1105,67
21:41:44,MOVE,38.789,-5.067,-7.335,42.0,-5.0,-8.0,,sensor_only,1,3.841,4.258,2.533,2.567,42.0,-5.0,-8.0,5,1,1,1,0,0.2,0.47,16.18,3.008,0.065,0.327,NOMINAL,0.9286,1.0,164.65,0,1,0,GPS,,0,0.151,1,0,0,0,1,1,0,velocity_pid,px4,2.269,-0.003,-0.876,1,34.128,-1.181,-6.447,5.981,0.899,54.43,0.1099,69
21:41:44,MOVE,39.039,-5.064,-7.311,42.0,-5.0,-8.0,,sensor_only,1,3.432,4.258,2.529,2.564,42.0,-5.0,-8.0,5,1,1,1,0,0.47,2.51,14.58,2.943,0.066,0.296,NOMINAL,0.9283,1.0,164.59,0,1,0,GPS,,0,0.151,1,0,0,0,1,1,0,velocity_pid,px4,2.091,-0.006,-0.897,1,34.378,-1.159,-6.442,5.995,0.879,54.68,0.1096,69
21:41:44,MOVE,39.304,-5.06,-7.29,42.0,-5.0,-8.0,,sensor_only,1,3.066,4.258,2.524,2.56,42.0,-5.0,-8.0,5,1,1,1,0,0.54,3.93,12.14,2.838,0.063,0.187,NOMINAL,0.9281,1.0,164.54,0,1,0,GPS,,0,0.151,1,0,0,0,1,1,0,velocity_pid,px4,1.911,-0.008,-0.897,1,34.6,-1.14,-6.441,6.008,0.86,54.91,0.1094,69
21:41:44,MOVE,39.493,-5.056,-7.285,42.0,-5.0,-8.0,,sensor_only,1,2.785,4.258,2.533,2.556,42.0,-5.0,-8.0,5,1,1,1,0,0.46,4.68,9.62,2.741,0.06,0.057,NOMINAL,0.9278,1.0,164.48,0,1,0,GPS,,0,0.151,1,0,0,0,1,1,0,velocity_pid,px4,1.789,-0.01,-0.879,1,34.872,-1.228,-6.462,5.922,0.825,55.15,0.1074,29
21:41:44,MOVE,39.751,-5.052,-7.299,42.0,-5.0,-8.0,,sensor_only,1,2.512,4.258,2.541,2.564,42.0,-5.0,-8.0,5,1,1,1,0,0.25,5.12,6.34,2.578,0.052,-0.213,NOMINAL,0.9275,1.0,164.42,0,1,0,GPS,,0,0.151,1,0,0,0,1,1,0,velocity_pid,px4,1.628,-0.012,-0.813,1,35.11,-1.256,-6.489,5.908,0.799,55.39,0.1067,29
21:41:44,MOVE,39.936,-5.049,-7.331,42.0,-5.0,-8.0,,sensor_only,1,2.25,4.258,2.554,2.586,42.0,-5.0,-8.0,5,1,1,1,0,0.07,4.98,3.97,2.452,0.047,-0.411,NOMINAL,0.9273,1.0,164.37,0,1,0,GPS,,0,0.152,1,0,0,0,1,1,0,velocity_pid,px4,1.515,-0.012,-0.743,1,35.347,-1.285,-6.539,5.866,0.774,55.6,0.1055,29
21:41:44,MOVE,40.126,-5.047,-7.386,42.0,-5.0,-8.0,,sensor_only,1,2.028,4.258,2.559,2.622,42.0,-5.0,-8.0,5,1,1,1,0,-0.11,4.97,1.47,2.322,0.04,-0.584,NOMINAL,0.9271,1.0,164.32,0,1,0,GPS,,0,0.151,1,0,0,0,1,1,0,velocity_pid,px4,1.399,-0.013,-0.655,1,35.583,-1.339,-6.493,5.799,0.866,55.81,0.1039,28
21:41:44,MOVE,40.336,-5.045,-7.468,42.0,-5.0,-8.0,,sensor_only,1,1.844,4.258,2.559,2.679,42.0,-5.0,-8.0,5,1,1,1,0,-0.29,5.15,-0.64,2.175,0.033,-0.699,NOMINAL,0.9268,1.0,164.26,0,1,0,GPS,,0,0.152,1,0,0,0,1,1,0,velocity_pid,px4,1.271,-0.012,-0.552,1,35.805,-1.378,-6.538,5.756,0.891,56.02,0.1027,28
21:41:45,MOVE,40.488,-5.044,-7.534,42.0,-5.0,-8.0,,sensor_only,1,1.368,4.258,2.559,2.73,42.0,-5.0,-8.0,5,1,1,1,0,-0.4,5.35,-1.84,2.069,0.027,-0.698,NOMINAL,0.9265,1.0,164.2,0,1,0,GPS,,0,0.151,1,0,0,0,1,1,0,velocity_pid,px4,1.18,-0.011,-0.487,1,35.988,-1.415,-6.548,5.735,0.96,56.22,0.102,25
21:41:45,MOVE,40.66,-5.045,-7.609,42.0,-5.0,-8.0,,sensor_only,1,1.247,4.258,2.559,2.797,42.0,-5.0,-8.0,5,1,1,1,0,-0.46,5.7,-2.76,1.945,0.02,-0.642,NOMINAL,0.9263,1.0,164.15,0,1,0,GPS,,0,0.152,1,0,0,0,1,1,0,velocity_pid,px4,1.076,-0.009,-0.425,1,36.147,-1.448,-6.576,5.705,0.997,56.38,0.1012,25
21:41:45,MOVE,40.795,-5.046,-7.664,42.0,-5.0,-8.0,,sensor_only,1,0.885,4.258,2.559,2.856,42.0,-5.0,-8.0,5,1,1,1,0,-0.43,5.74,-3.04,1.841,0.015,-0.587,NOMINAL,0.926,1.0,164.09,0,1,0,GPS,,0,0.151,1,0,0,0,1,1,0,velocity_pid,px4,0.996,-0.007,-0.382,1,36.324,-1.543,-6.645,5.648,1.004,56.58,0.0998,15
21:41:45,MOVE,40.96,-5.048,-7.726,42.0,-5.0,-8.0,,sensor_only,1,0.884,4.258,2.559,2.936,42.0,-5.0,-8.0,5,1,1,1,0,-0.33,5.75,-2.91,1.708,0.01,-0.511,NOMINAL,0.9258,1.0,164.04,0,1,0,GPS,,0,0.151,1,0,0,0,1,1,0,velocity_pid,px4,0.9,-0.004,-0.336,1,36.463,-1.597,-6.678,5.609,1.021,56.72,0.0989,15
21:41:45,MOVE,41.09,-5.05,-7.77,42.0,-5.0,-8.0,,sensor_only,1,0.859,4.258,2.559,3.005,42.0,-5.0,-8.0,5,1,1,1,0,-0.19,5.62,-2.39,1.599,0.008,-0.456,NOMINAL,0.9256,1.0,163.99,0,1,0,GPS,,0,0.151,1,0,0,0,1,1,0,velocity_pid,px4,0.825,-0.001,-0.304,1,36.556,-1.748,-6.631,5.561,1.12,56.87,0.0978,16
21:41:45,MOVE,41.211,-5.053,-7.808,42.0,-5.0,-8.0,,sensor_only,1,0.764,4.258,2.559,3.073,42.0,-5.0,-8.0,5,1,1,1,0,-0.03,5.49,-1.62,1.492,0.007,-0.407,NOMINAL,0.9253,1.0,163.93,0,1,0,GPS,,0,0.152,1,0,0,0,1,1,0,velocity_pid,px4,0.756,0.001,-0.276,1,36.65,-1.836,-6.62,5.527,1.168,56.99,0.097,16
21:41:45,MOVE,41.334,-5.056,-7.845,42.0,-5.0,-8.0,,sensor_only,1,0.661,4.258,2.559,3.146,42.0,-5.0,-8.0,5,1,1,1,0,0.12,5.27,-0.61,1.378,0.006,-0.363,NOMINAL,0.9251,1.0,163.88,0,1,0,GPS,,0,0.9,1,0,0,0,1,1,0,velocity_pid,px4,0.687,0.004,-0.248,1,36.758,-1.946,-6.602,5.49,1.228,57.14,0.0961,16
21:41:45,MOVE,41.439,-5.058,-7.875,50.0,0.0,-8.0,,sensor_only,1,0.622,4.258,2.559,3.21,50.0,0.0,-8.0,6,1,1,1,0,0.25,5.0,0.48,1.28,0.007,-0.329,NOMINAL,0.9248,1.0,163.82,0,1,0,GPS,,0,0.151,1,0,0,0,1,1,0,velocity_pid,px4,2.121,2.121,-0.225,1,36.856,-2.056,-6.579,5.447,1.285,57.26,0.0951,16
21:41:45,MOVE,41.546,-5.061,-7.905,50.0,0.0,-8.0,,sensor_only,1,0.622,4.258,2.559,3.278,50.0,0.0,-8.0,6,1,1,1,0,3.91,0.93,1.66,1.175,0.005,-0.321,NOMINAL,0.9246,1.0,163.77,0,1,0,GPS,,0,0.151,1,0,0,0,1,1,0,velocity_pid,px4,2.121,2.121,-0.197,1,36.928,-2.143,-6.559,5.418,1.332,57.36,0.0945,16
21:41:45,MOVE,41.659,-5.058,-7.936,50.0,0.0,-8.0,,sensor_only,1,0.622,4.258,2.559,3.347,50.0,0.0,-8.0,6,1,1,1,0,13.04,-7.87,2.76,1.214,0.142,-0.225,NOMINAL,0.9243,1.0,163.71,0,1,0,GPS,,0,0.151,1,0,0,0,1,1,0,velocity_pid,px4,2.121,2.121,-0.186,0,37.01,-2.25,-6.532,5.38,1.389,57.46,0.0936,16
21:41:46,MOVE,41.766,-5.036,-7.947,50.0,0.0,-8.0,,sensor_only,1,0.624,4.258,11.777,3.401,50.0,0.0,-8.0,6,1,1,1,0,16.83,-11.37,5.66,1.317,0.352,-0.062,NOMINAL,0.924,1.0,163.65,0,1,0,GPS,,0,0.151,1,0,0,0,1,1,0,velocity_pid,px4,2.121,2.121,-0.207,0,37.098,-2.342,-6.494,5.352,1.45,57.58,0.0929,16
21:41:46,MOVE,41.887,-4.989,-7.946,50.0,0.0,-8.0,,sensor_only,1,0.62,4.258,19.196,3.449,50.0,0.0,-8.0,6,1,1,1,0,16.14,-12.1,10.36,1.436,0.617,0.021,NOMINAL,0.9238,1.0,163.6,0,1,0,GPS,,0,0.152,1,0,0,0,1,1,0,velocity_pid,px4,2.121,2.121,-0.226,0,37.178,-2.399,-6.451,5.329,1.497,57.69,0.0924,16
21:41:46,MOVE,42.048,-4.896,-7.941,50.0,0.0,-8.0,,sensor_only,1,0.683,4.258,21.814,3.498,50.0,0.0,-8.0,6,1,1,1,0,12.71,-11.78,16.73,1.581,0.96,-0.058,NOMINAL,0.9236,1.0,163.55,0,1,0,GPS,,0,0.152,1,0,0,0,1,1,0,velocity_pid,px4,2.121,2.121,-0.215,0,37.29,-2.443,-6.39,5.308,1.552,57.86,0.0917,16
21:41:46,MOVE,42.186,-4.797,-7.947,50.0,0.0,-8.0,,sensor_only,1,0.631,4.258,17.121,3.534,50.0,0.0,-8.0,6,1,1,1,0,9.49,-10.97,21.88,1.681,1.192,-0.165,NOMINAL,0.9233,1.0,163.49,0,1,0,GPS,,0,0.151,1,0,0,0,1,1,0,velocity_pid,px4,2.121,2.121,-0.188,0,37.4,-2.455,-6.343,5.289,1.599,58.04,0.0911,16
21:41:46,MOVE,42.362,-4.653,-7.965,50.0,0.0,-8.0,,sensor_only,1,0.692,4.258,10.489,3.582,50.0,0.0,-8.0,6,1,1,1,0,6.26,-9.55,27.7,1.776,1.401,-0.228,NOMINAL,0.9231,1.0,163.44,0,1,0,GPS,,0,0.151,1,0,0,0,1,1,0,velocity_pid,px4,2.121,2.121,-0.157,0,37.536,-2.445,-6.302,5.266,1.655,58.25,0.0904,16
21:41:46,MOVE,42.533,-4.506,-7.986,50.0,0.0,-8.0,,sensor_only,1,0.921,4.258,7.604,3.636,50.0,0.0,-8.0,6,1,1,1,0,4.55,-8.42,31.88,1.844,1.546,-0.246,NOMINAL,0.9228,1.0,163.38,0,1,0,GPS,,0,0.152,1,0,0,0,1,1,0,velocity_pid,px4,2.121,2.121,-0.132,0,37.652,-2.422,-6.272,5.254,1.702,58.45,0.0899,16
21:41:46,MOVE,42.725,-4.334,-8.011,50.0,0.0,-8.0,,sensor_only,1,1.275,4.258,6.318,3.71,50.0,0.0,-8.0,6,1,1,1,0,3.58,-7.47,35.19,1.902,1.675,-0.241,NOMINAL,0.9225,1.0,163.32,0,1,0,GPS,,0,0.152,1,0,0,0,1,1,0,velocity_pid,px4,2.121,2.121,-0.108,0,37.803,-2.381,-6.237,5.248,1.763,58.73,0.0894,16
21:41:46,MOVE,42.922,-4.153,-8.033,50.0,0.0,-8.0,,sensor_only,1,1.551,4.258,5.812,3.801,50.0,0.0,-8.0,6,1,1,1,0,2.95,-6.62,37.52,1.947,1.782,-0.221,NOMINAL,0.9223,1.0,163.27,0,1,0,GPS,,0,0.152,1,0,0,0,1,1,0,velocity_pid,px4,2.176,2.065,-0.09,0,37.946,-2.334,-6.204,5.238,1.818,58.97,0.0888,16
21:41:46,MOVE,43.09,-3.998,-8.05,50.0,0.0,-8.0,,sensor_only,1,1.942,4.258,5.621,3.89,50.0,0.0,-8.0,6,1,1,1,0,2.5,-6.03,38.49,1.976,1.858,-0.201,NOMINAL,0.9221,1.0,163.22,0,1,0,GPS,,0,0.151,1,0,0,0,1,1,0,velocity_pid,px4,2.226,2.012,-0.077,0,38.073,-2.285,-6.174,5.238,1.866,59.2,0.0885,16
21:41:46,MOVE,43.275,-3.824,-8.066,50.0,0.0,-8.0,,sensor_only,1,2.439,4.258,5.665,4.0,50.0,0.0,-8.0,6,1,1,1,0,1.69,-5.49,38.74,2.006,1.926,-0.177,NOMINAL,0.9218,1.0,163.16,0,1,0,GPS,,0,0.152,1,0,0,0,1,1,0,velocity_pid,px4,2.281,1.949,-0.066,0,38.228,-2.22,-6.136,5.24,1.923,59.47,0.0881,16
21:41:47,MOVE,43.462,-3.648,-8.079,50.0,0.0,-8.0,,sensor_only,1,2.902,4.258,5.879,4.125,50.0,0.0,-8.0,6,1,1,1,0,0.75,-5.03,38.28,2.037,1.976,-0.154,NOMINAL,0.9215,1.0,163.1,0,1,0,GPS,,0,0.151,1,0,0,0,1,1,0,velocity_pid,px4,2.336,1.882,-0.057,0,38.379,-2.152,-6.096,5.252,1.978,59.75,0.0879,16
21:41:47,MOVE,43.686,-3.438,-8.092,50.0,0.0,-8.0,,sensor_only,1,3.331,4.258,6.232,4.29,50.0,0.0,-8.0,6,1,1,1,0,-0.43,-4.51,36.88,2.08,2.01,-0.129,NOMINAL,0.9213,1.0,163.05,0,1,0,GPS,,0,0.152,1,0,0,0,1,1,0,velocity_pid,px4,2.401,1.798,-0.048,0,38.532,-2.079,-6.054,5.255,2.032,60.01,0.0876,16
21:41:47,MOVE,43.861,-3.277,-8.101,50.0,0.0,-8.0,,sensor_only,1,3.665,4.258,6.626,4.429,50.0,0.0,-8.0,6,1,1,1,0,-1.1,-4.2,35.42,2.117,2.019,-0.112,NOMINAL,0.921,1.0,162.99,0,1,0,GPS,,0,0.151,1,0,0,0,1,1,0,velocity_pid,px4,2.449,1.733,-0.043,1,38.991,-1.328,-6.289,5.185,1.807,60.25,0.0861,34
21:41:47,MOVE,44.038,-3.118,-8.108,50.0,0.0,-8.0,,sensor_only,1,3.97,4.258,6.853,4.579,50.0,0.0,-8.0,6,1,1,1,0,-1.7,-3.99,33.75,2.155,2.016,-0.098,NOMINAL,0.9208,1.0,162.94,0,1,0,GPS,,0,0.151,1,0,0,0,1,1,0,velocity_pid,px4,2.495,1.665,-0.038,1,39.205,-1.157,-6.315,5.174,1.79,60.53,0.0855,35
21:41:47,MOVE,44.272,-2.915,-8.116,50.0,0.0,-8.0,,sensor_only,1,4.273,4.258,6.853,4.79,50.0,0.0,-8.0,6,1,1,1,0,-2.38,-3.82,31.53,2.209,1.996,-0.082,NOMINAL,0.9206,1.0,162.89,0,1,0,GPS,,0,0.152,1,0,0,0,1,1,0,velocity_pid,px4,2.553,1.575,-0.033,1,39.4,-1.025,-6.298,5.159,1.815,60.8,0.0849,36
21:41:47,MOVE,44.456,-2.762,-8.122,50.0,0.0,-8.0,,sensor_only,1,4.565,4.258,6.853,4.963,50.0,0.0,-8.0,6,1,1,1,0,-2.78,-3.74,29.78,2.253,1.97,-0.073,NOMINAL,0.9203,1.0,162.83,0,1,0,GPS,,0,0.151,1,0,0,0,1,1,0,velocity_pid,px4,2.595,1.505,-0.029,1,39.599,-0.884,-6.283,5.15,1.837,61.06,0.0843,36
21:41:47,MOVE,44.662,-2.598,-8.127,50.0,0.0,-8.0,,sensor_only,1,4.758,4.258,6.853,5.163,50.0,0.0,-8.0,6,1,1,1,0,-3.17,-3.68,27.97,2.303,1.932,-0.064,NOMINAL,0.92,1.0,162.78,0,1,0,GPS,,0,0.152,1,0,0,0,1,1,0,velocity_pid,px4,2.638,1.428,-0.025,1,39.783,-0.758,-6.268,5.142,1.856,61.3,0.0839,36
21:41:47,MOVE,44.854,-2.454,-8.132,50.0,0.0,-8.0,,sensor_only,1,5.0,4.258,6.853,5.354,50.0,0.0,-8.0,6,1,1,1,0,-3.44,-3.61,26.43,2.35,1.891,-0.058,NOMINAL,0.9198,1.0,162.72,0,1,0,GPS,,0,0.151,1,0,0,0,1,1,0,velocity_pid,px4,2.675,1.358,-0.021,1,40.018,-0.604,-6.249,5.127,1.881,61.59,0.0832,36
21:41:47,MOVE,45.11,-2.273,-8.137,50.0,0.0,-8.0,,sensor_only,1,5.262,4.258,6.853,5.61,50.0,0.0,-8.0,6,1,1,1,0,-3.71,-3.52,24.9,2.411,1.83,-0.05,NOMINAL,0.9195,1.0,162.66,0,1,0,GPS,,0,0.151,1,0,0,0,1,1,0,velocity_pid,px4,2.719,1.268,-0.017,1,40.24,-0.465,-6.23,5.127,1.905,61.87,0.0829,36
21:41:47,MOVE,45.31,-2.139,-8.141,50.0,0.0,-8.0,,sensor_only,1,5.231,4.258,6.853,5.81,50.0,0.0,-8.0,6,1,1,1,0,-3.83,-3.43,23.92,2.457,1.779,-0.045,NOMINAL,0.9193,1.0,162.61,0,1,0,GPS,,0,0.9,1,0,0,0,1,1,0,velocity_pid,px4,2.75,1.2,-0.014,0,40.436,-0.348,-6.213,5.122,1.925,62.12,0.0825,36
21:41:48,MOVE,45.535,-1.997,-8.144,50.0,0.0,-8.0,,sensor_only,1,5.125,4.258,6.853,6.035,50.0,0.0,-8.0,6,1,1,1,0,-4.0,-3.31,23.11,2.506,1.719,-0.04,NOMINAL,0.919,1.0,162.55,0,1,0,GPS,,0,0.151,1,0,0,0,1,1,0,velocity_pid,px4,2.781,1.125,-0.011,0,40.656,-0.224,-6.194,5.118,1.948,62.38,0.082,36
21:41:48,MOVE,45.743,-1.872,-8.147,50.0,0.0,-8.0,,sensor_only,1,4.91,4.258,6.853,6.243,50.0,0.0,-8.0,6,1,1,1,0,-4.15,-3.2,22.6,2.548,1.662,-0.035,NOMINAL,0.9188,1.0,162.5,0,1,0,GPS,,0,0.152,1,0,0,0,1,1,0,velocity_pid,px4,2.807,1.059,-0.008,0,40.89,-0.098,-6.173,5.106,1.973,62.65,0.0815,36
21:41:48,MOVE,45.996,-1.728,-8.151,50.0,0.0,-8.0,,sensor_only,1,4.658,4.258,6.853,6.496,50.0,0.0,-8.0,6,1,1,1,0,-4.32,-3.03,22.2,2.598,1.591,-0.029,NOMINAL,0.9186,1.0,162.45,0,1,0,GPS,,0,0.152,1,0,0,0,1,1,0,velocity_pid,px4,2.835,0.981,-0.005,0,41.097,0.007,-6.155,5.103,1.994,62.89,0.0811,36
21:41:48,MOVE,46.253,-1.591,-8.154,50.0,0.0,-8.0,,sensor_only,1,4.387,4.258,6.853,6.753,50.0,0.0,-8.0,6,1,1,1,0,-4.37,-2.88,22.02,2.643,1.518,-0.025,NOMINAL,0.9183,1.0,162.39,0,1,0,GPS,,0,0.152,1,0,0,0,1,1,0,velocity_pid,px4,2.844,0.949,-0.002,0,41.327,0.118,-6.134,5.099,2.019,63.16,0.0807,36
21:41:48,MOVE,46.469,-1.481,-8.157,50.0,0.0,-8.0,,sensor_only,1,4.169,4.258,6.853,6.969,50.0,0.0,-8.0,6,1,1,1,0,-4.38,-2.75,21.97,2.679,1.457,-0.021,NOMINAL,0.9181,1.0,162.34,0,1,0,GPS,,0,0.151,1,0,0,0,1,1,0,velocity_pid,px4,2.669,0.88,-0.0,0,41.594,0.238,-6.109,5.102,2.047,63.47,0.0804,36
21:41:48,MOVE,46.71,-1.366,-8.159,50.0,0.0,-8.0,,sensor_only,1,3.94,4.258,6.853,7.21,50.0,0.0,-8.0,6,1,1,1,0,-4.18,-2.28,21.94,2.715,1.391,-0.015,NOMINAL,0.9178,1.0,162.28,0,1,0,GPS,,0,0.9,1,0,0,0,1,1,0,velocity_pid,px4,2.473,0.807,0.002,0,41.843,0.342,-6.085,5.072,2.073,63.72,0.0796,36
21:41:48,MOVE,46.975,-1.246,-8.161,50.0,0.0,-8.0,,sensor_only,1,3.706,4.258,6.853,7.475,50.0,0.0,-8.0,6,1,1,1,0,-3.61,-0.69,21.88,2.737,1.319,-0.01,NOMINAL,0.9176,1.0,162.23,0,1,0,GPS,,0,0.9,1,0,0,0,1,1,0,velocity_pid,px4,2.262,0.732,0.003,0,42.062,0.429,-6.064,5.085,2.096,63.98,0.0795,36
21:41:48,MOVE,47.239,-1.134,-8.162,50.0,0.0,-8.0,,sensor_only,1,3.706,4.258,6.853,7.739,50.0,0.0,-8.0,6,1,1,1,0,-2.97,1.07,21.83,2.725,1.247,-0.009,NOMINAL,0.9173,1.0,162.17,0,1,0,GPS,,0,0.151,1,0,0,0,1,1,0,velocity_pid,px4,2.06,0.662,0.004,0,42.305,0.519,-6.041,5.08,2.121,64.25,0.0791,36
21:41:48,MOVE,47.456,-1.045,-8.162,50.0,0.0,-8.0,,sensor_only,1,3.706,4.258,6.853,7.956,50.0,0.0,-8.0,6,1,1,1,0,-2.43,2.7,21.8,2.689,1.186,-0.01,NOMINAL,0.9171,1.0,162.12,0,1,0,GPS,,0,0.15,1,0,0,0,1,1,0,velocity_pid,px4,1.9,0.609,0.004,0,42.579,0.616,-6.014,5.082,2.148,64.56,0.0787,36
21:41:48,MOVE,47.709,-0.945,-8.162,50.0,0.0,-8.0,,sensor_only,1,3.706,4.258,6.853,8.209,50.0,0.0,-8.0,6,1,1,1,0,-1.85,4.42,21.81,2.614,1.112,-0.01,NOMINAL,0.9168,1.0,162.06,0,1,0,GPS,,0,0.152,1,0,0,0,1,1,0,velocity_pid,px4,1.721,0.55,0.005,0,42.795,0.688,-5.992,5.076,2.17,64.79,0.0783,36
21:41:49,MOVE,47.911,-0.867,-8.162,50.0,0.0,-8.0,,sensor_only,1,3.706,4.258,6.853,8.411,50.0,0.0,-8.0,6,1,1,1,0,-1.48,5.34,21.84,2.533,1.05,-0.009,NOMINAL,0.9166,1.0,162.01,0,1,0,GPS,,0,0.151,1,0,0,0,1,1,0,velocity_pid,px4,1.584,0.504,0.005,0,43.006,0.756,-5.97,5.068,2.192,65.01,0.078,36
21:41:49,MOVE,48.123,-0.786,-8.162,50.0,0.0,-8.0,,sensor_only,1,3.706,4.258,6.853,8.623,50.0,0.0,-8.0,6,1,1,1,0,-1.16,6.13,21.88,2.428,0.984,-0.007,NOMINAL,0.9163,1.0,161.95,0,1,0,GPS,,0,0.15,1,0,0,0,1,1,0,velocity_pid,px4,1.444,0.457,0.006,0,43.261,0.835,-5.942,5.047,2.22,65.26,0.0773,36
21:41:49,MOVE,48.357,-0.697,-8.162,50.0,0.0,-8.0,,sensor_only,1,3.706,4.258,6.853,8.857,50.0,0.0,-8.0,6,1,1,1,0,-0.87,6.59,21.95,2.291,0.907,-0.004,NOMINAL,0.9161,1.0,161.9,0,1,0,GPS,,0,0.151,1,0,0,0,1,1,0,velocity_pid,px4,1.294,0.407,0.006,0,43.485,0.902,-5.916,5.04,2.246,65.5,0.0769,36
21:41:49,MOVE,48.526,-0.633,-8.162,50.0,0.0,-8.0,,sensor_only,1,3.706,4.258,6.853,9.026,50.0,0.0,-8.0,6,1,1,1,0,-0.68,6.84,22.02,2.18,0.85,-0.003,NOMINAL,0.9158,1.0,161.84,0,1,0,GPS,,0,0.151,1,0,0,0,1,1,0,velocity_pid,px4,1.19,0.371,0.005,0,43.673,0.955,-5.893,5.024,2.269,65.69,0.0765,36
21:41:49,MOVE,48.715,-0.563,-8.161,50.0,0.0,-8.0,,sensor_only,1,3.706,4.258,6.853,9.215,50.0,0.0,-8.0,6,1,1,1,0,-0.49,7.07,22.13,2.041,0.783,-0.002,NOMINAL,0.9156,1.0,161.79,0,1,0,GPS,,0,0.151,1,0,0,0,1,1,0,velocity_pid,px4,1.076,0.333,0.005,0,43.886,1.014,-5.866,5.002,2.296,65.9,0.0759,36
21:41:49,MOVE,48.89,-0.497,-8.161,50.0,0.0,-8.0,,sensor_only,1,3.706,4.258,6.853,9.39,50.0,0.0,-8.0,6,1,1,1,0,-0.35,7.03,22.26,1.902,0.72,0.0,NOMINAL,0.9153,1.0,161.73,0,1,0,GPS,,0,0.151,1,0,0,0,1,1,0,velocity_pid,px4,0.973,0.297,0.005,0,44.08,1.065,-5.839,4.974,2.322,66.08,0.0753,36
21:41:49,MOVE,49.039,-0.441,-8.16,50.0,0.0,-8.0,,sensor_only,1,3.706,4.258,6.853,9.539,50.0,0.0,-8.0,6,1,1,1,0,-0.24,6.9,22.43,1.776,0.665,0.001,NOMINAL,0.9151,1.0,161.68,0,1,0,GPS,,0,0.151,1,0,0,0,1,1,0,velocity_pid,px4,0.888,0.267,0.004,0,44.278,1.115,-5.809,4.954,2.351,66.27,0.0747,36
21:41:49,MOVE,49.177,-0.389,-8.159,50.0,0.0,-8.0,,sensor_only,1,3.706,4.258,6.853,9.677,50.0,0.0,-8.0,6,1,1,1,0,-0.14,6.74,22.66,1.654,0.613,0.002,NOMINAL,0.9148,1.0,161.62,0,1,0,GPS,,0,0.152,1,0,0,0,1,1,0,velocity_pid,px4,0.809,0.239,0.003,0,44.427,1.15,-5.786,4.931,2.374,66.41,0.0743,36
21:41:49,MOVE,49.316,-0.335,-8.157,50.0,0.0,-8.0,,sensor_only,1,3.706,4.258,6.853,9.816,50.0,0.0,-8.0,6,1,1,1,0,-0.05,6.52,22.97,1.524,0.559,0.002,NOMINAL,0.9145,1.0,161.56,0,1,0,GPS,,0,0.152,1,0,0,0,1,1,0,velocity_pid,px4,0.731,0.21,0.002,0,44.602,1.19,-5.756,4.898,2.402,66.57,0.0736,36
21:41:49,MOVE,49.434,-0.289,-8.155,50.0,0.0,-8.0,,sensor_only,1,3.706,4.258,6.853,9.934,50.0,0.0,-8.0,6,1,1,1,0,0.0,6.24,23.31,1.41,0.514,0.002,NOMINAL,0.9143,1.0,161.51,0,1,0,GPS,,0,0.151,1,0,0,0,1,1,0,velocity_pid,px4,0.667,0.185,0.001,0,44.753,1.222,-5.728,4.867,2.428,66.7,0.073,36
21:41:50,LANDING,49.552,-0.241,-8.154,50.0,0.0,-8.0,,sensor_only,1,3.706,4.258,6.853,10.052,50.0,0.0,-8.0,7,1,1,1,0,0.05,5.96,23.79,1.292,0.467,0.001,NOMINAL,0.9141,1.0,161.46,0,1,0,GPS,,0,0.151,1,0,0,0,1,1,0,velocity_pid,px4,0.603,0.159,-0.0,0,44.898,1.251,-5.7,4.84,2.454,66.83,0.0724,36
21:41:50,LANDING,50.026,-0.043,-8.061,50.026,-0.043,0.0,,sensor_only,1,3.706,4.258,6.853,10.526,50.026,-0.043,0.0,7,1,1,1,0,0.3,2.78,26.38,0.915,0.33,0.407,NOMINAL,0.9137,1.0,161.38,0,1,0,GPS,,0,0.152,1,0,0,0,1,1,0,position,px4,,,,0,45.525,1.347,-5.482,4.675,2.6,67.37,0.0694,36
21:41:51,LANDING,50.37,0.112,-7.634,50.37,0.112,0.0,,sensor_only,1,3.706,4.258,6.853,10.87,50.37,0.112,0.0,7,1,1,1,0,0.89,7.03,25.68,0.496,0.203,1.112,NOMINAL,0.9133,1.0,161.31,0,1,0,GPS,,0,0.151,1,0,0,0,1,1,0,position,px4,,,,0,45.996,1.39,-4.949,4.536,2.743,67.94,0.0668,36
21:41:51,LANDING,50.471,0.188,-7.108,50.471,0.188,0.0,,sensor_only,1,3.706,4.258,6.853,10.971,50.471,0.188,0.0,7,1,1,1,0,-1.55,1.54,24.47,0.054,0.016,0.926,NOMINAL,0.9129,1.0,161.23,0,1,0,GPS,,0,0.151,1,0,0,0,1,1,0,position,px4,,,,0,46.229,1.348,-4.234,4.397,2.912,68.51,0.0642,36
21:41:52,LANDING,50.517,0.205,-6.714,50.517,0.205,0.0,,sensor_only,1,3.706,4.258,6.853,11.017,50.517,0.205,0.0,7,1,1,1,0,-0.33,0.21,24.23,0.06,-0.025,0.868,NOMINAL,0.9125,1.0,161.16,0,1,0,GPS,,0,0.9,1,0,0,0,1,1,0,position,px4,,,,0,46.36,1.241,-3.672,4.28,3.076,68.91,0.0621,36
21:41:52,LANDING,50.585,0.214,-6.285,50.585,0.214,0.0,,sensor_only,1,3.706,4.258,6.853,11.085,50.585,0.214,0.0,7,1,1,1,0,-0.14,0.49,24.64,0.048,-0.043,0.917,NOMINAL,0.9121,1.0,161.08,0,1,0,GPS,,0,0.151,1,0,0,0,1,1,0,position,px4,,,,0,46.501,1.117,-3.09,4.175,3.245,69.33,0.0602,36
21:41:53,LANDING,50.638,0.224,-5.875,50.638,0.224,0.0,,sensor_only,1,3.706,4.258,6.853,11.138,50.638,0.224,0.0,7,1,1,1,0,-0.07,0.61,24.77,0.013,-0.048,0.894,NOMINAL,0.9117,1.0,161.01,0,1,0,GPS,,0,0.151,1,0,0,0,1,1,0,position,px4,,,,0,46.635,0.982,-2.493,4.07,3.431,69.74,0.0584,36
21:41:53,LANDING,50.668,0.227,-5.477,50.668,0.227,0.0,,sensor_only,1,3.706,4.258,6.853,11.168,50.668,0.227,0.0,7,1,1,1,0,-0.09,0.53,24.69,-0.024,-0.057,0.839,NOMINAL,0.9113,1.0,160.93,0,1,0,GPS,,0,0.151,1,0,0,0,1,1,0,position,px4,,,,0,46.752,0.835,-1.91,3.96,3.615,70.14,0.0565,36
21:41:54,LANDING,50.679,0.222,-5.078,50.679,0.222,0.0,,sensor_only,1,3.706,4.258,27.845,11.179,50.679,0.222,0.0,7,1,1,1,0,-0.08,0.24,24.66,-0.049,-0.06,0.786,NOMINAL,0.9109,1.0,160.86,0,1,0,GPS,,0,0.151,1,0,0,0,1,1,0,position,px4,,,,0,46.857,0.675,-1.322,3.849,3.795,70.55,0.0546,36
21:41:54,LANDING,50.67,0.208,-4.711,50.67,0.208,0.0,,sensor_only,1,3.706,4.258,29.138,11.17,50.67,0.208,0.0,7,1,1,1,0,-0.08,-0.01,24.68,-0.061,-0.06,0.752,NOMINAL,0.9105,1.0,160.78,0,1,0,GPS,,0,0.152,1,0,0,0,1,1,0,position,px4,,,,0,46.951,0.513,-0.78,3.733,3.974,70.92,0.0526,36
21:41:55,LANDING,50.654,0.192,-4.364,50.654,0.192,0.0,,sensor_only,1,3.706,4.258,28.861,11.154,50.654,0.192,0.0,7,1,1,1,0,-0.05,-0.17,24.7,-0.06,-0.053,0.73,NOMINAL,0.9101,1.0,160.71,0,1,0,GPS,,0,0.151,1,0,0,0,1,1,0,position,px4,,,,0,47.048,0.346,-0.244,3.612,4.161,71.27,0.0507,36
21:41:55,LANDING,50.641,0.189,-4.017,50.641,0.189,0.0,,sensor_only,1,3.706,4.258,28.705,11.141,50.641,0.189,0.0,7,1,1,1,0,-0.17,-0.22,24.73,-0.05,-0.039,0.714,NOMINAL,0.9097,1.0,160.63,0,1,0,GPS,,0,0.152,1,0,0,0,1,1,0,position,px4,,,,0,47.151,0.18,0.294,3.491,4.351,71.61,0.0488,36
21:41:56,LANDING,50.627,0.181,-3.678,50.627,0.181,0.0,,sensor_only,1,3.706,4.258,28.623,11.127,50.627,0.181,0.0,7,1,1,1,0,-0.18,-0.24,24.7,-0.041,-0.039,0.731,NOMINAL,0.9093,1.0,160.56,0,1,0,GPS,,0,0.151,1,0,0,0,1,1,0,position,px4,,,,0,47.263,0.012,0.824,3.37,4.543,71.95,0.0468,36
21:41:56,LANDING,50.607,0.162,-3.355,50.607,0.162,0.0,,sensor_only,1,3.706,4.258,28.58,11.107,50.607,0.162,0.0,7,1,1,1,0,-0.05,-0.31,24.68,-0.032,-0.037,0.716,NOMINAL,0.9089,1.0,160.48,0,1,0,GPS,,0,0.152,1,0,0,0,1,1,0,position,px4,,,,1,41.091,0.484,-4.64,9.524,-1.246,72.28,0.1318,29
21:41:57,LANDING,50.582,0.145,-3.048,50.582,0.145,0.0,,sensor_only,1,3.706,4.258,28.591,11.082,50.582,0.145,0.0,7,1,1,1,0,-0.07,-0.46,24.71,-0.017,-0.024,0.693,NOMINAL,0.9085,1.0,160.41,0,1,0,GPS,,0,0.151,1,0,0,0,1,1,0,position,px4,,,,0,40.559,0.388,-4.755,10.028,-1.675,72.59,0.1381,24
21:41:57,LANDING,50.57,0.133,-2.73,50.57,0.133,0.0,,sensor_only,1,3.706,4.258,28.652,11.07,50.57,0.133,0.0,7,1,1,1,0,-0.07,-0.42,24.71,0.003,-0.01,0.725,NOMINAL,0.9081,1.0,160.33,0,1,0,GPS,,0,0.151,1,0,0,0,1,1,0,position,px4,,,,1,41.61,0.667,-3.903,8.977,-1.145,72.92,0.1231,17
21:41:58,LANDING,50.568,0.12,-2.4,50.568,0.12,0.0,,sensor_only,1,3.706,4.258,28.774,11.068,50.568,0.12,0.0,7,1,1,1,0,-0.0,-0.51,24.7,0.016,-0.001,0.691,NOMINAL,0.9077,1.0,160.26,0,1,0,GPS,,0,0.152,1,0,0,0,1,1,0,position,px4,,,,1,41.929,0.568,-3.62,8.651,-1.192,73.25,0.1181,22
21:41:58,LANDING,50.57,0.106,-2.054,50.57,0.106,0.0,,sensor_only,1,3.706,4.258,29.002,11.07,50.57,0.106,0.0,7,1,1,1,0,0.09,-0.49,24.7,0.024,0.01,0.682,NOMINAL,0.9073,1.0,160.18,0,1,0,GPS,,0,0.9,1,0,0,0,1,1,0,position,px4,,,,0,42.287,0.464,-3.325,8.29,-1.238,73.59,0.1127,22
21:41:59,LANDING,50.577,0.114,-1.745,50.577,0.114,0.0,,sensor_only,1,3.706,4.258,29.244,11.077,50.577,0.114,0.0,7,1,1,1,0,-0.04,-0.21,24.74,0.027,0.026,0.723,NOMINAL,0.9069,1.0,160.11,0,1,0,GPS,,0,0.152,1,0,0,0,1,1,0,position,px4,,,,1,42.507,0.362,-3.034,8.073,-1.255,73.9,0.1092,17
21:41:59,LANDING,50.577,0.126,-1.413,50.577,0.126,0.0,,sensor_only,1,3.706,4.258,29.525,11.077,50.577,0.126,0.0,7,1,1,1,0,-0.18,-0.26,24.73,0.024,0.027,0.685,NOMINAL,0.9065,1.0,160.03,0,1,0,GPS,,0,0.151,1,0,0,0,1,1,0,position,px4,,,,1,42.603,0.332,-2.623,7.976,-1.178,74.23,0.1075,22
21:42:00,LANDING,50.584,0.115,-1.094,50.584,0.115,0.0,,sensor_only,1,3.706,4.258,29.878,11.084,50.584,0.115,0.0,7,1,1,1,0,0.02,-0.29,24.68,0.027,0.013,0.652,NOMINAL,0.9061,1.0,159.96,0,1,0,GPS,,0,0.152,1,0,0,0,1,1,0,position,px4,,,,1,42.725,0.287,-2.228,7.861,-1.109,74.56,0.1054,16
21:42:00,LANDING,50.598,0.103,-0.764,50.598,0.103,0.0,,sensor_only,1,3.706,4.258,29.878,11.098,50.598,0.103,0.0,7,1,1,1,0,0.16,-0.22,24.7,0.024,0.018,0.674,NOMINAL,0.9056,1.0,159.88,0,1,0,GPS,,0,0.152,1,0,0,0,1,1,0,position,px4,,,,0,42.792,0.278,-1.837,7.807,-1.04,74.88,0.1043,16
21:42:01,LANDING,50.595,0.104,-0.457,50.595,0.104,0.0,,sensor_only,1,3.706,4.258,29.878,11.095,50.595,0.104,0.0,7,1,1,1,0,0.02,-0.23,24.75,0.014,0.028,0.643,NOMINAL,0.9053,1.0,159.81,0,1,0,GPS,,0,0.9,1,0,0,0,1,1,0,position,px4,,,,1,42.901,0.292,-1.416,7.697,-0.933,75.19,0.1024,28
21:42:01,LANDING,50.585,0.112,-0.143,50.585,0.112,0.0,,sensor_only,1,3.706,4.258,29.878,11.085,50.585,0.112,0.0,7,1,1,1,0,-0.08,-0.36,24.75,0.011,0.031,0.634,NOMINAL,0.9049,1.0,159.73,0,1,0,GPS,,0,0.151,1,0,0,0,1,1,0,position,px4,,,,0,43.002,0.31,-1.01,7.586,-0.836,75.5,0.1005,28
21:42:02,LANDING,50.491,0.067,-0.098,50.491,0.067,0.0,,sensor_only,1,3.706,4.258,29.878,10.991,50.491,0.067,0.0,7,1,1,1,0,-0.08,-0.16,24.46,-0.596,-0.336,-1.163,NOMINAL,0.9045,1.0,159.66,0,1,0,GPS,,0,0.152,1,0,0,0,1,1,0,position,px4,,,,0,43.056,0.298,-0.786,7.464,-0.739,75.9,0.0983,28
21:42:02,LANDING,50.339,-0.024,-0.519,50.339,-0.024,0.0,,sensor_only,1,3.706,4.258,29.878,10.839,50.339,-0.024,0.0,7,1,1,1,0,-0.06,-0.4,24.5,-0.487,-0.281,-1.106,NOMINAL,0.9041,1.0,159.58,0,1,0,GPS,,0,0.151,1,0,0,0,1,1,0,position,px4,,,,1,43.256,0.471,-0.245,7.104,0.25,76.4,0.093,57
21:42:03,LANDING,50.358,-0.019,-0.717,50.358,-0.019,0.0,,sensor_only,1,3.706,4.258,29.878,10.858,50.358,-0.019,0.0,7,1,1,1,0,-0.04,-0.7,24.54,-0.306,-0.183,-0.986,NOMINAL,0.9037,1.0,159.51,0,1,0,GPS,,0,0.153,1,0,0,0,1,1,0,position,px4,,,,1,43.256,0.472,-0.245,7.113,0.456,76.61,0.0929,38
21:42:03,LANDING,50.43,0.009,-0.831,50.43,0.009,0.0,,sensor_only,1,3.706,4.258,29.878,10.93,50.43,0.009,0.0,7,1,1,1,0,-0.04,-0.91,24.58,-0.134,-0.093,-0.853,NOMINAL,0.9033,1.0,159.43,0,1,0,GPS,,0,0.152,1,0,0,0,1,1,0,position,px4,,,,1,43.256,0.472,-0.245,7.182,0.578,76.75,0.0936,50
21:42:04,LANDING,50.496,0.049,-0.884,50.496,0.049,0.0,,sensor_only,1,3.706,4.258,29.878,10.996,50.496,0.049,0.0,7,1,1,1,0,-0.01,-1.02,24.6,-0.011,-0.017,-0.722,NOMINAL,0.9029,1.0,159.36,0,1,0,GPS,,0,0.9,1,0,0,0,1,1,0,position,px4,,,,1,43.261,0.474,-0.243,7.241,0.637,76.85,0.0942,70
21:42:04,LANDING,50.54,0.077,-0.904,50.54,0.077,0.0,,sensor_only,1,3.706,4.258,29.878,11.04,50.54,0.077,0.0,7,1,1,1,0,-0.0,-1.07,24.62,0.07,0.035,-0.608,NOMINAL,0.9025,1.0,159.28,0,1,0,GPS,,0,0.152,1,0,0,0,1,1,0,position,px4,,,,1,43.257,0.472,-0.244,7.291,0.659,76.91,0.0948,30
21:42:05,LANDING,50.568,0.096,-0.905,50.568,0.096,0.0,,sensor_only,1,3.706,4.258,29.878,11.068,50.568,0.096,0.0,7,1,1,1,0,-0.0,-1.07,24.64,0.12,0.066,-0.509,NOMINAL,0.9021,1.0,159.21,0,1,0,GPS,,0,0.151,1,0,0,0,1,1,0,position,px4,,,,1,43.255,0.471,-0.245,7.32,0.661,76.94,0.0951,70
21:42:05,LANDING,50.59,0.107,-0.89,50.59,0.107,0.0,,sensor_only,1,3.706,4.258,29.878,11.09,50.59,0.107,0.0,7,1,1,1,0,-0.0,-1.04,24.65,0.151,0.084,-0.422,NOMINAL,0.9017,1.0,159.13,0,1,0,GPS,,0,0.152,1,0,0,0,1,1,0,position,px4,,,,1,43.256,0.471,-0.244,7.341,0.647,76.97,0.0954,39
21:42:06,LANDING,50.604,0.125,-0.862,50.604,0.125,0.0,,sensor_only,1,3.706,4.258,29.878,11.104,50.604,0.125,0.0,7,1,1,1,0,0.01,-0.98,24.67,0.165,0.099,-0.347,NOMINAL,0.9012,1.0,159.05,0,1,0,GPS,,0,0.9,1,0,0,0,1,1,0,position,px4,,,,1,43.254,0.471,-0.245,7.356,0.62,77.01,0.0955,26
21:42:06,LANDING,50.612,0.138,-0.825,50.612,0.138,0.0,,sensor_only,1,3.706,4.258,29.878,11.112,50.612,0.138,0.0,7,1,1,1,0,0.01,-0.91,24.69,0.167,0.106,-0.282,NOMINAL,0.9008,1.0,158.98,0,1,0,GPS,,0,0.151,1,0,0,0,1,1,0,position,px4,,,,1,43.255,0.471,-0.245,7.364,0.585,77.05,0.0956,38
21:42:07,LANDING,50.616,0.138,-0.774,50.616,0.138,0.0,,sensor_only,1,3.706,4.258,29.878,11.116,50.616,0.138,0.0,7,1,1,1,0,-0.0,-0.83,24.69,0.159,0.1,-0.222,NOMINAL,0.9005,1.0,158.91,0,1,0,GPS,,0,0.152,1,0,0,0,1,1,0,position,px4,,,,1,43.256,0.472,-0.244,7.367,0.534,77.1,0.0956,26
21:42:07,LANDING,50.62,0.142,-0.722,50.62,0.142,0.0,,sensor_only,1,3.706,4.258,29.878,11.12,50.62,0.142,0.0,7,1,1,1,0,-0.0,-0.75,24.7,0.149,0.096,-0.173,NOMINAL,0.9001,1.0,158.83,0,1,0,GPS,,0,0.151,1,0,0,0,1,1,0,position,px4,,,,1,43.265,0.476,-0.243,7.362,0.485,77.15,0.0954,38
21:42:08,LANDING,50.617,0.147,-0.67,50.617,0.147,0.0,,sensor_only,1,3.706,4.258,29.878,11.117,50.617,0.147,0.0,7,1,1,1,0,-0.0,-0.67,24.71,0.132,0.089,-0.132,NOMINAL,0.8997,1.0,158.76,0,1,0,GPS,,0,0.9,1,0,0,0,1,1,0,position,px4,,,,1,43.255,0.471,-0.245,7.37,0.43,77.2,0.0955,42
21:42:08,LANDING,50.606,0.152,-0.609,50.606,0.152,0.0,,sensor_only,1,3.706,4.258,29.878,11.106,50.606,0.152,0.0,7,1,1,1,0,0.0,-0.59,24.72,0.112,0.084,-0.093,NOMINAL,0.8993,1.0,158.68,0,1,0,GPS,,0,0.152,1,0,0,0,1,1,0,position,px4,,,,0,43.275,0.482,-0.241,7.34,0.374,77.26,0.095,42
21:42:09,LANDING,50.602,0.155,-0.547,50.602,0.155,0.0,,sensor_only,1,3.706,4.258,29.878,11.102,50.602,0.155,0.0,7,1,1,1,0,-0.0,-0.53,24.73,0.096,0.076,-0.06,NOMINAL,0.8988,1.0,158.6,0,1,0,GPS,,0,0.152,1,0,0,0,1,1,0,position,px4,,,,1,43.255,0.471,-0.245,7.354,0.307,77.33,0.0951,49
21:42:09,LANDING,50.597,0.159,-0.486,50.597,0.159,0.0,,sensor_only,1,3.706,4.258,29.878,11.097,50.597,0.159,0.0,7,1,1,1,0,-0.01,-0.47,24.73,0.079,0.068,-0.031,NOMINAL,0.8985,1.0,158.53,0,1,0,GPS,,0,0.9,1,0,0,0,1,1,0,position,px4,,,,1,43.264,0.476,-0.243,7.341,0.248,77.39,0.0949,60
21:42:10,LANDING,50.597,0.152,-0.424,50.597,0.152,0.0,,sensor_only,1,3.706,4.258,29.878,11.097,50.597,0.152,0.0,7,1,1,1,0,-0.02,-0.4,24.74,0.063,0.054,-0.006,NOMINAL,0.8981,1.0,158.46,0,1,0,GPS,,0,0.151,1,0,0,0,1,1,0,position,px4,,,,1,43.26,0.474,-0.244,7.344,0.187,77.45,0.0948,39
21:42:10,LANDING,50.6,0.142,-0.363,50.6,0.142,0.0,,sensor_only,1,3.706,4.258,29.878,11.1,50.6,0.142,0.0,7,1,1,1,0,-0.04,-0.36,24.74,0.053,0.04,0.012,NOMINAL,0.8977,1.0,158.38,0,1,0,GPS,,0,0.151,1,0,0,0,1,1,0,position,px4,,,,1,43.262,0.475,-0.243,7.346,0.126,77.51,0.0948,48
21:42:11,LANDING,50.602,0.132,-0.315,50.602,0.132,0.0,,sensor_only,1,3.706,4.258,29.878,11.102,50.602,0.132,0.0,7,1,1,1,0,-0.05,-0.32,24.74,0.043,0.028,0.025,NOMINAL,0.8973,1.0,158.31,0,1,0,GPS,,0,0.152,1,0,0,0,1,1,0,position,px4,,,,1,43.256,0.471,-0.245,7.355,0.074,77.56,0.0948,70
21:42:11,LANDING,50.596,0.122,-0.268,50.596,0.122,0.0,,sensor_only,1,3.706,4.258,29.878,11.096,50.596,0.122,0.0,7,1,1,1,0,-0.05,-0.29,24.74,0.033,0.017,0.036,NOMINAL,0.8969,1.0,158.23,0,1,0,GPS,,0,0.9,1,0,0,0,1,1,0,position,px4,,,,1,43.255,0.471,-0.245,7.35,0.028,77.61,0.0947,70
21:42:12,LANDING,50.578,0.114,-0.222,50.578,0.114,0.0,,sensor_only,1,3.706,4.258,29.878,11.078,50.578,0.114,0.0,7,1,1,1,0,-0.05,-0.25,24.74,0.015,0.01,0.045,NOMINAL,0.8965,1.0,158.16,0,1,0,GPS,,0,0.9,1,0,0,0,1,1,0,position,px4,,,,1,43.259,0.473,-0.244,7.329,-0.018,77.66,0.0944,56
21:42:12,LANDING,50.568,0.114,-0.181,50.568,0.114,0.0,,sensor_only,1,3.706,4.258,29.878,11.068,50.568,0.114,0.0,7,1,1,1,0,-0.05,-0.23,24.75,0.006,0.009,0.053,NOMINAL,0.8961,1.0,158.08,0,1,0,GPS,,0,0.151,1,0,0,0,1,1,0,position,px4,,,,1,43.256,0.472,-0.245,7.32,-0.06,77.71,0.0942,42
21:42:13,LANDING,50.573,0.104,-0.143,50.573,0.104,0.0,,sensor_only,1,3.706,4.258,29.878,11.073,50.573,0.104,0.0,7,1,1,1,0,-0.06,-0.22,24.75,0.007,-0.0,0.059,NOMINAL,0.8957,1.0,158.01,0,1,0,GPS,,0,0.151,1,0,0,0,1,1,0,position,px4,,,,1,43.257,0.472,-0.244,7.325,-0.098,77.75,0.0942,26
21:42:13,LANDING,50.573,0.096,-0.113,50.573,0.096,0.0,,sensor_only,1,3.706,4.258,29.878,11.073,50.573,0.096,0.0,7,1,1,1,0,-0.07,-0.21,24.76,0.004,-0.006,0.062,NOMINAL,0.8953,1.0,157.93,0,1,0,GPS,,0,0.152,1,0,0,0,1,1,0,position,px4,,,,1,43.256,0.471,-0.245,7.327,-0.129,77.78,0.0942,37
21:42:14,LANDING,50.564,0.091,-0.083,50.564,0.091,0.0,,sensor_only,1,3.706,4.258,29.878,11.064,50.564,0.091,0.0,7,1,1,1,0,-0.06,-0.18,24.76,-0.004,-0.009,0.064,NOMINAL,0.895,1.0,157.89,0,1,0,GPS,,0,0.9,1,0,0,0,1,1,0,position,px4,,,,1,43.256,0.471,-0.245,7.319,-0.16,77.81,0.0941,70
21:42:14,LANDING,50.558,0.09,-0.051,50.558,0.09,0.0,,sensor_only,1,3.706,4.258,29.878,11.058,50.558,0.09,0.0,7,1,1,1,0,-0.06,-0.18,24.77,-0.007,-0.008,0.068,NOMINAL,0.895,1.0,157.89,0,1,0,GPS,,0,0.152,1,0,0,0,1,1,0,position,px4,,,,1,43.256,0.471,-0.245,7.313,-0.191,77.84,0.0939,32
21:42:15,LANDING,50.553,0.086,-0.032,50.553,0.086,0.0,,sensor_only,1,3.706,4.258,29.878,11.053,50.553,0.086,0.0,7,1,1,1,0,-0.06,-0.17,24.78,-0.012,-0.01,0.067,NOMINAL,0.895,1.0,157.89,0,1,0,GPS,,0,0.152,1,0,0,0,1,1,0,position,px4,,,,1,43.256,0.471,-0.245,7.308,-0.211,77.86,0.0939,32
21:42:15,LANDING,50.551,0.084,-0.018,50.551,0.084,0.0,,sensor_only,1,3.706,4.258,29.878,11.051,50.551,0.084,0.0,7,1,1,1,0,-0.06,-0.16,24.78,-0.016,-0.011,0.065,NOMINAL,0.895,1.0,157.89,0,1,0,GPS,,0,0.151,1,0,0,0,1,1,0,position,px4,,,,1,43.256,0.471,-0.245,7.306,-0.226,77.88,0.0938,32
21:42:16,LANDING,50.554,0.079,-0.005,50.554,0.079,0.0,,sensor_only,1,3.706,4.258,29.878,11.054,50.554,0.079,0.0,7,1,1,1,0,-0.06,-0.16,24.79,-0.013,-0.013,0.063,NOMINAL,0.895,1.0,157.89,0,1,0,GPS,,0,0.152,1,0,0,0,1,1,0,position,px4,,,,1,43.258,0.473,-0.243,7.306,-0.237,77.89,0.0938,32
21:42:16,LANDING,50.555,0.08,0.012,50.555,0.08,0.0,,sensor_only,1,3.706,4.258,29.878,11.055,50.555,0.08,0.0,7,1,1,1,0,-0.06,-0.17,24.8,-0.012,-0.011,0.064,NOMINAL,0.895,1.0,157.89,0,1,0,GPS,,0,0.151,1,0,0,0,1,1,0,position,px4,,,,1,43.256,0.471,-0.245,7.309,-0.255,77.91,0.0938,32
21:42:17,LANDING,50.553,0.082,0.028,50.553,0.082,0.0,,sensor_only,1,3.706,4.258,29.878,11.053,50.553,0.082,0.0,7,1,1,1,0,-0.06,-0.17,24.8,-0.012,-0.01,0.064,NOMINAL,0.895,1.0,157.89,0,1,0,GPS,,0,0.9,1,0,0,0,1,1,0,position,px4,,,,1,43.256,0.471,-0.245,7.309,-0.272,77.93,0.0938,32
21:42:17,LANDING,50.548,0.084,0.046,50.548,0.084,0.0,,sensor_only,1,3.706,4.258,29.878,11.048,50.548,0.084,0.0,7,1,1,1,0,-0.06,-0.16,24.81,-0.015,-0.008,0.063,NOMINAL,0.895,1.0,157.89,0,1,0,GPS,,0,0.151,1,0,0,0,1,1,0,position,px4,,,,1,43.256,0.471,-0.245,7.302,-0.289,77.95,0.0937,32
21:42:18,LANDING,50.548,0.101,0.06,50.548,0.101,0.0,,sensor_only,1,3.706,4.258,29.878,11.048,50.548,0.101,0.0,7,1,1,1,0,-0.04,-0.18,24.82,-0.014,0.004,0.061,NOMINAL,0.895,1.0,157.89,0,1,0,GPS,,0,0.152,1,0,0,0,1,1,0,position,px4,,,,1,43.256,0.471,-0.245,7.301,-0.304,77.97,0.0936,32
21:42:18,LANDING,50.553,0.105,0.068,50.553,0.105,0.0,,sensor_only,1,3.706,4.258,29.878,11.054,50.553,0.105,0.0,7,1,1,1,0,-0.05,-0.18,24.83,-0.011,0.006,0.059,NOMINAL,0.895,1.0,157.89,0,1,0,GPS,,0,0.9,1,0,0,0,1,1,0,position,px4,,,,1,43.256,0.471,-0.245,7.306,-0.312,77.98,0.0937,32
21:42:19,LANDING,50.559,0.096,0.08,50.559,0.096,0.0,,sensor_only,1,3.706,4.258,29.878,11.06,50.559,0.096,0.0,7,1,1,1,0,-0.06,-0.18,24.84,-0.007,0.001,0.059,NOMINAL,0.895,1.0,157.89,0,1,0,GPS,,0,0.151,1,0,0,0,1,1,0,position,px4,,,,1,43.256,0.471,-0.245,7.312,-0.324,78.0,0.0938,32
21:42:19,LANDING,50.567,0.092,0.088,50.567,0.092,0.0,,sensor_only,1,3.706,4.258,29.878,11.068,50.567,0.092,0.0,7,1,1,1,0,-0.07,-0.19,24.85,0.002,-0.001,0.058,NOMINAL,0.895,1.0,157.89,0,1,0,GPS,,0,0.9,1,0,0,0,1,1,0,position,px4,,,,1,43.256,0.471,-0.245,7.32,-0.333,78.01,0.0938,32
21:42:20,LANDING,50.572,0.09,0.087,50.572,0.09,0.0,,sensor_only,1,3.706,4.258,29.878,11.073,50.572,0.09,0.0,7,1,1,1,0,-0.07,-0.19,24.85,0.007,-0.003,0.056,NOMINAL,0.895,1.0,157.89,0,1,0,GPS,,0,0.151,1,0,0,0,1,1,0,position,px4,,,,1,43.257,0.472,-0.244,7.325,-0.331,78.02,0.0939,32
21:42:20,LANDING,50.563,0.086,0.086,50.563,0.086,0.0,,sensor_only,1,3.706,4.258,29.878,11.063,50.563,0.086,0.0,7,1,1,1,0,-0.07,-0.18,24.86,-0.0,-0.008,0.053,NOMINAL,0.895,1.0,157.89,0,1,0,GPS,,0,0.152,1,0,0,0,1,1,0,position,px4,,,,1,43.256,0.471,-0.245,7.318,-0.331,78.03,0.0938,32
21:42:21,LANDING,50.554,0.083,0.089,50.554,0.083,0.0,,sensor_only,1,3.706,4.258,29.878,11.054,50.554,0.083,0.0,7,1,1,1,0,-0.07,-0.17,24.86,-0.006,-0.008,0.052,NOMINAL,0.895,1.0,157.89,0,1,0,GPS,,0,0.9,1,0,0,0,1,1,0,position,px4,,,,1,43.256,0.472,-0.245,7.309,-0.334,78.04,0.0937,32
21:42:21,LANDING,50.544,0.081,0.09,50.544,0.081,0.0,,sensor_only,1,3.706,4.258,29.878,11.045,50.544,0.081,0.0,7,1,1,1,0,-0.07,-0.16,24.87,-0.01,-0.009,0.05,NOMINAL,0.895,1.0,157.89,0,1,0,GPS,,0,0.151,1,0,0,0,1,1,0,position,px4,,,,1,43.256,0.471,-0.245,7.299,-0.334,78.05,0.0935,32
21:42:22,LANDING,50.537,0.077,0.095,50.537,0.077,0.0,,sensor_only,1,3.706,4.258,29.878,11.038,50.537,0.077,0.0,7,1,1,1,0,-0.07,-0.16,24.87,-0.012,-0.01,0.05,NOMINAL,0.895,1.0,157.89,0,1,0,GPS,,0,0.151,1,0,0,0,1,1,0,position,px4,,,,1,43.256,0.471,-0.245,7.293,-0.34,78.06,0.0934,32
21:42:22,LANDING,50.542,0.081,0.092,50.542,0.081,0.0,,sensor_only,1,3.706,4.258,29.878,11.043,50.542,0.081,0.0,7,1,1,1,0,-0.07,-0.18,24.88,-0.007,-0.006,0.047,NOMINAL,0.895,1.0,157.89,0,1,0,GPS,,0,0.151,1,0,0,0,1,1,0,position,px4,,,,1,43.257,0.472,-0.244,7.296,-0.336,78.07,0.0935,32
21:42:23,LANDING,50.553,0.085,0.099,50.553,0.085,0.0,,sensor_only,1,3.706,4.258,29.878,11.053,50.553,0.085,0.0,7,1,1,1,0,-0.07,-0.18,24.89,-0.002,-0.004,0.047,NOMINAL,0.895,1.0,157.89,0,1,0,GPS,,0,0.151,1,0,0,0,1,1,0,position,px4,,,,0,43.262,0.475,-0.239,7.3,-0.337,78.08,0.0935,32
21:42:23,LANDING,50.563,0.086,0.104,50.563,0.086,0.0,,sensor_only,1,3.706,4.258,29.878,11.063,50.563,0.086,0.0,7,1,1,1,0,-0.07,-0.18,24.9,0.002,-0.005,0.047,NOMINAL,0.895,1.0,157.89,0,1,0,GPS,,0,0.152,1,0,0,0,1,1,0,position,px4,,,,1,43.256,0.471,-0.245,7.316,-0.349,78.09,0.0937,32
21:42:24,LANDING,50.567,0.075,0.096,50.567,0.075,0.0,,sensor_only,1,3.706,4.258,29.878,11.068,50.567,0.075,0.0,7,1,1,1,0,-0.09,-0.17,24.9,0.001,-0.014,0.042,NOMINAL,0.895,1.0,157.89,0,1,0,GPS,,0,0.152,1,0,0,0,1,1,0,position,px4,,,,1,43.258,0.472,-0.243,7.32,-0.34,78.11,0.0937,32
21:42:24,LANDING,50.565,0.072,0.092,50.565,0.072,0.0,,sensor_only,1,3.706,4.258,29.878,11.065,50.565,0.072,0.0,7,1,1,1,0,-0.08,-0.17,24.91,-0.003,-0.015,0.039,NOMINAL,0.895,1.0,157.89,0,1,0,GPS,,0,0.9,1,0,0,0,1,1,0,position,px4,,,,1,43.256,0.471,-0.245,7.32,-0.336,78.12,0.0937,32
21:42:25,LANDING,50.557,0.076,0.095,50.557,0.076,0.0,,sensor_only,1,3.706,4.258,29.878,11.057,50.557,0.076,0.0,7,1,1,1,0,-0.08,-0.17,24.91,-0.007,-0.012,0.041,NOMINAL,0.895,1.0,157.89,0,1,0,GPS,,0,0.9,1,0,0,0,1,1,0,position,px4,,,,1,43.257,0.472,-0.244,7.311,-0.338,78.13,0.0936,32
21:42:25,LANDING,50.553,0.082,0.103,50.553,0.082,0.0,,sensor_only,1,3.706,4.258,29.878,11.054,50.553,0.082,0.0,7,1,1,1,0,-0.08,-0.17,24.92,-0.007,-0.008,0.042,NOMINAL,0.895,1.0,157.89,0,1,0,GPS,,0,0.9,1,0,0,0,1,1,0,position,px4,,,,1,43.257,0.472,-0.244,7.307,-0.346,78.14,0.0935,32
21:42:26,LANDING,50.559,0.084,0.106,50.559,0.084,0.0,,sensor_only,1,3.706,4.258,29.878,11.059,50.559,0.084,0.0,7,1,1,1,0,-0.08,-0.18,24.93,-0.001,-0.007,0.041,NOMINAL,0.895,1.0,157.89,0,1,0,GPS,,0,0.152,1,0,0,0,1,1,0,position,px4,,,,1,43.256,0.471,-0.245,7.312,-0.351,78.14,0.0936,32
21:42:26,LANDING,50.565,0.096,0.106,50.565,0.096,0.0,,sensor_only,1,3.706,4.258,29.878,11.066,50.565,0.096,0.0,7,1,1,1,0,-0.06,-0.19,24.94,0.003,0.003,0.04,NOMINAL,0.895,1.0,157.89,0,1,0,GPS,,0,0.151,1,0,0,0,1,1,0,position,px4,,,,1,43.256,0.471,-0.245,7.319,-0.351,78.16,0.0936,32
21:42:27,LANDING,50.557,0.114,0.106,50.557,0.114,0.0,,sensor_only,1,3.706,4.258,29.878,11.058,50.557,0.114,0.0,7,1,1,1,0,-0.04,-0.19,24.94,-0.002,0.015,0.04,NOMINAL,0.895,1.0,157.89,0,1,0,GPS,,0,0.151,1,0,0,0,1,1,0,position,px4,,,,1,43.256,0.471,-0.245,7.311,-0.351,78.18,0.0935,32
21:42:27,LANDING,50.546,0.125,0.111,50.546,0.125,0.0,,sensor_only,1,3.706,4.258,29.878,11.047,50.546,0.125,0.0,7,1,1,1,0,-0.04,-0.19,24.95,-0.007,0.019,0.042,NOMINAL,0.895,1.0,157.89,0,1,0,GPS,,0,0.152,1,0,0,0,1,1,0,position,px4,,,,1,43.256,0.471,-0.245,7.3,-0.355,78.2,0.0933,32
21:42:28,LANDING,50.539,0.116,0.12,50.539,0.116,0.0,,sensor_only,1,3.706,4.258,29.878,11.039,50.539,0.116,0.0,7,1,1,1,0,-0.05,-0.17,24.95,-0.01,0.01,0.044,NOMINAL,0.895,1.0,157.89,0,1,0,GPS,,0,0.9,1,0,0,0,1,1,0,position,px4,,,,1,43.256,0.471,-0.245,7.292,-0.364,78.21,0.0932,32
21:42:28,LANDING,50.546,0.113,0.126,50.546,0.113,0.0,,sensor_only,1,3.706,4.258,29.878,11.047,50.546,0.113,0.0,7,1,1,1,0,-0.06,-0.19,24.96,-0.005,0.009,0.044,NOMINAL,0.895,1.0,157.89,0,1,0,GPS,,0,0.151,1,0,0,0,1,1,0,position,px4,,,,1,43.256,0.471,-0.245,7.299,-0.37,78.23,0.0933,32
21:42:29,LANDING,50.545,0.123,0.129,50.545,0.123,0.0,,sensor_only,1,3.706,4.258,29.878,11.046,50.545,0.123,0.0,7,1,1,1,0,-0.04,-0.18,24.97,-0.009,0.016,0.044,NOMINAL,0.895,1.0,157.89,0,1,0,GPS,,0,0.151,1,0,0,0,1,1,0,position,px4,,,,1,43.256,0.471,-0.245,7.297,-0.374,78.24,0.0933,32
21:42:29,LANDING,50.553,0.123,0.13,50.553,0.123,0.0,,sensor_only,1,3.706,4.258,29.878,11.054,50.553,0.123,0.0,7,1,1,1,0,-0.05,-0.19,24.98,-0.005,0.013,0.043,NOMINAL,0.895,1.0,157.89,0,1,0,GPS,,0,0.9,1,0,0,0,1,1,0,position,px4,,,,1,43.256,0.471,-0.245,7.305,-0.374,78.25,0.0934,32
21:42:30,LANDING,50.559,0.114,0.13,50.559,0.114,0.0,,sensor_only,1,3.706,4.258,29.878,11.06,50.559,0.114,0.0,7,1,1,1,0,-0.07,-0.19,24.99,-0.0,0.004,0.041,NOMINAL,0.895,1.0,157.89,0,1,0,GPS,,0,0.9,1,0,0,0,1,1,0,position,px4,,,,1,43.256,0.471,-0.245,7.312,-0.375,78.26,0.0934,32
21:42:30,LANDING,50.564,0.108,0.13,50.564,0.108,0.0,,sensor_only,1,3.706,4.258,29.878,11.064,50.564,0.108,0.0,7,1,1,1,0,-0.08,-0.19,25.0,0.004,0.001,0.041,NOMINAL,0.895,1.0,157.89,0,1,0,GPS,,0,0.151,1,0,0,0,1,1,0,position,px4,,,,1,43.256,0.471,-0.245,7.316,-0.375,78.27,0.0935,32
21:42:31,LANDING,50.565,0.104,0.128,50.565,0.104,0.0,,sensor_only,1,3.706,4.258,29.878,11.066,50.565,0.104,0.0,7,1,1,1,0,-0.08,-0.19,25.0,0.005,-0.003,0.04,NOMINAL,0.895,1.0,157.89,0,1,0,GPS,,0,0.152,1,0,0,0,1,1,0,position,px4,,,,1,43.256,0.472,-0.244,7.317,-0.373,78.27,0.0935,32
21:42:31,LANDING,50.572,0.101,0.122,50.572,0.101,0.0,,sensor_only,1,3.706,4.258,29.878,11.073,50.572,0.101,0.0,7,1,1,1,0,-0.08,-0.19,25.01,0.009,-0.004,0.037,NOMINAL,0.895,1.0,157.89,0,1,0,GPS,,0,0.151,1,0,0,0,1,1,0,position,px4,,,,1,43.256,0.472,-0.244,7.325,-0.367,78.28,0.0936,32
21:42:32,LANDING,50.566,0.097,0.119,50.566,0.097,0.0,,sensor_only,1,3.706,4.258,29.878,11.067,50.566,0.097,0.0,7,1,1,1,0,-0.08,-0.18,25.01,0.004,-0.007,0.035,NOMINAL,0.895,1.0,157.89,0,1,0,GPS,,0,0.151,1,0,0,0,1,1,0,position,px4,,,,1,43.256,0.472,-0.244,7.32,-0.363,78.29,0.0935,32
21:42:32,LANDING,50.561,0.094,0.12,50.561,0.094,0.0,,sensor_only,1,3.706,4.258,29.878,11.062,50.561,0.094,0.0,7,1,1,1,0,-0.08,-0.18,25.01,0.001,-0.008,0.034,NOMINAL,0.895,1.0,157.89,0,1,0,GPS,,0,0.152,1,0,0,0,1,1,0,position,px4,,,,1,43.256,0.472,-0.245,7.315,-0.365,78.3,0.0934,32
21:42:33,LANDING,50.553,0.089,0.116,50.553,0.089,0.0,,sensor_only,1,3.706,4.258,29.878,11.054,50.553,0.089,0.0,7,1,1,1,0,-0.08,-0.17,25.02,-0.003,-0.01,0.033,NOMINAL,0.895,1.0,157.89,0,1,0,GPS,,0,0.9,1,0,0,0,1,1,0,position,px4,,,,1,43.256,0.472,-0.245,7.308,-0.361,78.31,0.0933,32
